name,genre_1,price,tier,total_votes,pos_ratio,p_bayes,p_ml,b_rating,score_finale
Fran Bow,horror,mid_price,overwhelmingly_positive,5088,96.2,0.997,0.78,0.95,0.9071
Broforce,america,mid_price,overwhelmingly_positive,32092,96.7,0.925,0.828,0.965,0.903
Alien: Isolation,horror,mid_price,very_positive,26492,92.6,0.997,0.78,0.924,0.8993
Ultimate Chicken Horse,local_multiplayer,mid_price,very_positive,8359,94.6,0.925,0.828,0.939,0.8953
N++ (NPLUSPLUS),platformer,mid_price,overwhelmingly_positive,1683,95.1,0.925,0.828,0.92,0.8894
Batman: Arkham City - Game of the Year Edition,action,mid_price,overwhelmingly_positive,27250,95.4,0.995,0.729,0.952,0.8887
Assault Android Cactus,twin_stick_shooter,mid_price,very_positive,1353,94.8,0.925,0.828,0.911,0.8868
Mad Max,open_world,mid_price,very_positive,40033,90.5,0.925,0.828,0.904,0.8846
Hitman: Absolution™,stealth,mid_price,very_positive,25755,90.4,0.925,0.828,0.902,0.8841
Monstrum,horror,mid_price,very_positive,1618,89.7,0.997,0.776,0.873,0.8826
Turok,action,mid_price,overwhelmingly_positive,1687,95.7,0.995,0.729,0.925,0.8806
Sleeping Dogs: Definitive Edition,open_world,mid_price,very_positive,17433,89.1,0.925,0.828,0.888,0.88
Serious Sam 3: BFE,fps,mid_price,very_positive,17551,88.7,0.925,0.828,0.885,0.879
PULSAR: Lost Colony,space,mid_price,very_positive,2201,90.4,0.925,0.828,0.885,0.8789
Immortal Redneck,rogue_lite,mid_price,very_positive,1383,91.0,0.925,0.828,0.881,0.8778
Ziggurat,fps,mid_price,very_positive,3080,86.9,0.925,0.845,0.858,0.8767
Blackwake,pirates,mid_price,very_positive,10719,87.2,0.925,0.828,0.869,0.8742
Counter-Strike,action,budget,overwhelmingly_positive,127873,97.4,0.997,0.651,0.973,0.8687
Tomb Raider,adventure,mid_price,overwhelmingly_positive,97612,95.8,0.869,0.777,0.957,0.8634
Counter-Strike: Source,action,budget,overwhelmingly_positive,80137,95.6,0.997,0.651,0.956,0.8634
Chivalry: Medieval Warfare,medieval,mid_price,mostly_positive,62438,82.5,0.925,0.828,0.824,0.8609
Tower of Guns,fps,mid_price,mostly_positive,974,82.2,0.925,0.845,0.804,0.8606
Major\Minor,horror,mid_price,mostly_positive,417,80.3,0.997,0.79,0.779,0.8594
Killing Floor,fps,mid_price,overwhelmingly_positive,56359,95.3,0.854,0.783,0.952,0.8583
Ravenfield,fps,mid_price,very_positive,9688,94.1,0.854,0.783,0.935,0.8534
Batman: Arkham Asylum Game of the Year Edition,action,mid_price,overwhelmingly_positive,21162,95.9,0.842,0.775,0.956,0.8525
Dust: An Elysian Tail,action,mid_price,overwhelmingly_positive,15689,96.0,0.842,0.775,0.956,0.8525
Left 4 Dead,zombies,budget,very_positive,18899,95.0,0.837,0.785,0.947,0.8519
Sally Face,horror,budget,overwhelmingly_positive,1895,96.7,0.995,0.633,0.936,0.8507
EVERSPACE™,space,mid_price,mostly_positive,5148,78.9,0.925,0.828,0.786,0.8495
Mafia II,action,mid_price,very_positive,33300,94.4,0.842,0.775,0.943,0.8484
Saints Row IV,open_world,mid_price,very_positive,59036,91.6,0.854,0.778,0.915,0.8456
Half-Life: Opposing Force,fps,budget,very_positive,5538,94.8,0.837,0.773,0.938,0.845
Brutal Legend,action,mid_price,very_positive,13721,93.4,0.842,0.775,0.93,0.8446
Call of Duty® 4: Modern Warfare®,fps,mid_price,very_positive,9546,91.4,0.854,0.778,0.909,0.8437
Shadow Warrior,action,mid_price,very_positive,20142,92.9,0.842,0.775,0.927,0.8436
Robot Roller-Derby Disco Dodgeball,fps,budget,very_positive,3414,92.4,0.837,0.785,0.91,0.8408
Left 4 Dead 2,zombies,budget,overwhelmingly_positive,260207,96.8,0.809,0.761,0.967,0.8397
Insurgency,fps,budget,very_positive,101925,90.6,0.837,0.785,0.906,0.8396
Call of Duty®: Modern Warfare® 2,action,mid_price,very_positive,32832,91.4,0.842,0.775,0.912,0.8394
Motorsport Manager,management,mid_price,very_positive,4766,89.8,0.854,0.778,0.889,0.8376
Brigador: Up-Armored Edition,action,mid_price,very_positive,1648,93.3,0.842,0.775,0.904,0.8369
Paint the Town Red,action,mid_price,very_positive,5241,90.7,0.842,0.775,0.898,0.835
Saints Row: The Third,open_world,budget,overwhelmingly_positive,46687,96.0,0.809,0.755,0.958,0.8349
Call of Duty® 2,action,mid_price,very_positive,2670,91.2,0.842,0.775,0.895,0.8341
Borderlands: The Pre-Sequel,action,mid_price,mostly_positive,21985,76.9,0.995,0.729,0.769,0.8338
Apotheon,action,mid_price,very_positive,2479,90.3,0.842,0.775,0.886,0.8315
Geometry Dash,music,budget,very_positive,55727,94.6,0.809,0.755,0.945,0.8309
Half-Life: Blue Shift,fps,budget,very_positive,4242,90.1,0.837,0.773,0.891,0.8309
PAYDAY 2,action,budget,mostly_positive,365180,84.5,0.997,0.651,0.845,0.8303
Bastion,indie,mid_price,overwhelmingly_positive,28985,96.2,0.785,0.76,0.96,0.8289
Crimsonland,action,mid_price,very_positive,1766,89.9,0.842,0.775,0.876,0.8285
STAR WARS™ Jedi Knight - Jedi Academy™,star_wars,budget,very_positive,6014,94.5,0.809,0.755,0.936,0.828
Retro City Rampage™ DX,action,mid_price,very_positive,2248,89.2,0.842,0.775,0.875,0.828
Wizard of Legend,action,mid_price,very_positive,4525,88.2,0.842,0.775,0.873,0.8276
Knock-knock,horror,budget,very_positive,1078,87.8,0.995,0.642,0.849,0.8273
Full Metal Furies,action,mid_price,very_positive,1057,91.1,0.842,0.771,0.874,0.8266
Transistor,indie,mid_price,overwhelmingly_positive,23320,95.0,0.785,0.76,0.948,0.8252
Sky Rogue,action,mid_price,very_positive,665,92.3,0.842,0.771,0.868,0.8246
Charlie Murder,action,budget,very_positive,327,93.0,0.997,0.635,0.841,0.8234
Cube Runner,action,budget,very_positive,618,88.3,0.997,0.635,0.838,0.8225
Verdun,world_war_i,mid_price,mostly_positive,26466,83.3,0.854,0.783,0.832,0.8224
Valdis Story: Abyssal City,metroidvania,mid_price,mostly_positive,2279,84.9,0.854,0.778,0.837,0.822
Day of Infamy,world_war_ii,mid_price,mostly_positive,17518,81.9,0.854,0.783,0.818,0.8181
Day of Defeat: Source,fps,budget,very_positive,11699,89.7,0.809,0.761,0.893,0.8174
DUSK,fps,mid_price,overwhelmingly_positive,3688,97.6,0.773,0.738,0.959,0.8167
ShellShock Live,tanks,budget,very_positive,12690,90.0,0.809,0.755,0.897,0.8164
Devil Daggers,fps,budget,overwhelmingly_positive,4684,95.3,0.776,0.749,0.94,0.8158
King Arthur's Gold,action,free,mostly_positive,3770,82.9,0.984,0.63,0.823,0.8119
Freedom Planet,platformer,mid_price,overwhelmingly_positive,3712,95.6,0.773,0.738,0.94,0.8112
Hyper Light Drifter,pixel_graphics,mid_price,very_positive,11748,93.9,0.773,0.738,0.934,0.8093
Songbringer,adventure,mid_price,mostly_positive,199,81.9,0.869,0.777,0.775,0.8086
Half-Life 2: Episode One,fps,budget,very_positive,8425,93.9,0.776,0.73,0.932,0.8068
Ittle Dew 2,adventure,mid_price,mostly_positive,157,80.9,0.869,0.777,0.767,0.8064
Spec Ops: The Line,third_person_shooter,mid_price,very_positive,34974,92.5,0.773,0.738,0.924,0.8062
Overcooked! 2,action,mid_price,mostly_positive,6636,80.8,0.842,0.771,0.805,0.8059
ibb & obb,puzzle,budget,very_positive,3336,93.7,0.776,0.73,0.921,0.8035
Sanctum 2,tower_defense,mid_price,very_positive,12902,90.1,0.773,0.749,0.898,0.8022
Spooky's Jump Scare Mansion,horror,free,very_positive,9755,92.6,0.992,0.51,0.92,0.802
Serena,horror,free,mostly_positive,5935,77.4,0.984,0.644,0.773,0.8016
Detention,horror,budget,mostly_positive,11228,76.1,0.995,0.642,0.76,0.8008
Shadow Warrior Classic Redux,fps,budget,very_positive,1940,92.2,0.776,0.739,0.898,0.8001
The Darkness II,fps,mid_price,very_positive,13226,90.7,0.773,0.738,0.903,0.8
Horizon Chase Turbo,racing,mid_price,overwhelmingly_positive,712,96.6,0.817,0.694,0.901,0.7992
RUINER,cyberpunk,mid_price,very_positive,5821,90.7,0.773,0.738,0.899,0.7987
Space Pirates and Zombies,space,budget,very_positive,2517,92.0,0.776,0.73,0.901,0.7975
Clustertruck,parkour,mid_price,very_positive,4982,90.3,0.773,0.738,0.894,0.7972
Unreal Tournament 2004: Editor's Choice Edition,fps,budget,overwhelmingly_positive,2277,97.1,0.79,0.677,0.945,0.7969
Nyan Cat: Lost In Space,memes,budget,very_positive,1500,92.9,0.776,0.73,0.899,0.7968
Unreal Tournament: Game of the Year Edition,classic,budget,overwhelmingly_positive,2199,97.0,0.79,0.677,0.943,0.7965
Notch - The Innocent LunA: Eclipsed SinnerS,anime,budget,very_positive,651,88.8,0.79,0.763,0.843,0.7965
Danganronpa Another Episode: Ultra Despair Girls,anime,mid_price,very_positive,977,92.2,0.678,0.843,0.881,0.7964
Day of Defeat,fps,budget,very_positive,3814,89.6,0.776,0.739,0.885,0.7959
Ballistic Overkill,fps,budget,mostly_positive,6120,75.9,0.837,0.785,0.758,0.7954
Bud Spencer & Terence Hill - Slaps And Beans,beat_em_up,mid_price,very_positive,746,94.1,0.773,0.738,0.885,0.7946
Dishonored,stealth,budget,overwhelmingly_positive,43025,97.1,0.79,0.649,0.969,0.7942
Saints Row 2,open_world,budget,mostly_positive,12323,76.6,0.837,0.773,0.766,0.7934
STAR WARS™ - Dark Forces,fps,budget,very_positive,1672,89.8,0.776,0.739,0.875,0.7929
FOTONICA,indie,mid_price,very_positive,680,87.9,0.785,0.76,0.838,0.7924
STAR WARS™ Jedi Knight II - Jedi Outcast™,star_wars,budget,very_positive,2239,90.2,0.776,0.73,0.884,0.7923
DOOM 3,horror,free,very_positive,3009,87.5,0.984,0.535,0.863,0.7907
Move or Die,local_multiplayer,mid_price,very_positive,9878,87.4,0.773,0.738,0.87,0.7902
SUPERHOT,fps,mid_price,very_positive,17049,87.1,0.773,0.738,0.869,0.7897
Forward to the Sky,anime,budget,mostly_positive,1709,83.4,0.837,0.714,0.821,0.7892
Nation Red,zombies,budget,very_positive,2365,88.5,0.776,0.73,0.869,0.788
Sky Force Reloaded,shoot_em_up,budget,very_positive,552,93.5,0.776,0.73,0.868,0.7876
Hidden in Plain Sight,local_multiplayer,budget,very_positive,304,98.7,0.776,0.73,0.867,0.7872
FORCED SHOWDOWN,indie,mid_price,very_positive,555,86.1,0.785,0.76,0.821,0.7871
Hand of Fate 2,rpg,mid_price,very_positive,2824,86.6,0.75,0.763,0.855,0.7857
Samurai Gunn,local_multiplayer,mid_price,very_positive,358,94.1,0.773,0.738,0.852,0.7847
STAR WARS™ Republic Commando™,star_wars,budget,very_positive,6771,94.4,0.79,0.649,0.936,0.7842
Red Orchestra: Ostfront 41-45,world_war_ii,budget,very_positive,1785,87.5,0.776,0.73,0.856,0.7841
Starward Rogue,bullet_hell,budget,very_positive,405,93.8,0.776,0.73,0.856,0.784
Figment,indie,mid_price,mostly_positive,484,84.7,0.785,0.76,0.808,0.7833
Jets'n'Guns Gold,shoot_em_up,budget,very_positive,1099,88.2,0.776,0.73,0.852,0.7829
Project Nimbus,mechs,mid_price,very_positive,1015,87.5,0.773,0.738,0.845,0.7827
Higurashi When They Cry Hou - Ch.2 Watanagashi,visual_novel,budget,very_positive,328,97.0,0.785,0.711,0.862,0.7823
Hitman: Blood Money,stealth,budget,very_positive,6255,93.7,0.79,0.649,0.929,0.7822
Super 3-D Noah's Ark,fps,budget,very_positive,551,90.4,0.776,0.73,0.848,0.7815
Scanner Sombre,exploration,budget,very_positive,1726,86.4,0.776,0.73,0.846,0.7812
Tannenberg,world_war_i,mid_price,mostly_positive,3626,83.3,0.773,0.749,0.826,0.7807
"Star Wars: Battlefront 2 (Classic, 2005)",star_wars,budget,very_positive,31574,92.3,0.79,0.649,0.922,0.78
Wonder Boy: The Dragon's Trap,adventure,mid_price,very_positive,1077,89.4,0.788,0.701,0.862,0.7799
SkyDrift,racing,budget,very_positive,869,88.7,0.996,0.503,0.851,0.7798
Iron Snout,free_to_play,free,overwhelmingly_positive,14166,98.0,0.794,0.597,0.976,0.7796
Deep Rock Galactic,action,mid_price,very_positive,11092,92.4,0.777,0.662,0.92,0.7796
DeadCore,platformer,budget,very_positive,1712,85.6,0.776,0.73,0.839,0.7789
Hob,adventure,mid_price,very_positive,2673,88.9,0.785,0.691,0.874,0.7788
We Need To Go Deeper,underwater,budget,very_positive,1645,85.2,0.776,0.73,0.836,0.7779
Croixleur Sigma,anime,budget,mostly_positive,330,81.2,0.79,0.763,0.78,0.7775
Magicka,comedy,budget,very_positive,22876,91.4,0.79,0.649,0.912,0.7771
Acceleration of SUGURI X-Edition HD,anime,budget,mostly_positive,213,82.6,0.79,0.763,0.779,0.7771
Just Cause 2,open_world,budget,very_positive,36867,91.2,0.79,0.649,0.911,0.7769
Drunken Robot Pornography,fps,mid_price,mostly_positive,623,84.1,0.773,0.749,0.81,0.7759
Lovers in a Dangerous Spacetime,action,mid_price,very_positive,1975,94.7,0.727,0.695,0.92,0.774
Distance,racing,mid_price,very_positive,4268,93.5,0.666,0.755,0.922,0.7739
Katana ZERO,action,mid_price,overwhelmingly_positive,1892,97.7,0.727,0.673,0.945,0.7734
Tumblestone,indie,mid_price,mostly_positive,903,78.3,0.785,0.76,0.774,0.773
Tom Clancy's Ghost Recon®,tactical,budget,very_positive,581,92.3,0.79,0.677,0.862,0.7722
Grand Theft Auto: San Andreas,open_world,budget,very_positive,30120,89.2,0.79,0.649,0.891,0.7708
Team Fortress 2,free_to_play,free,very_positive,549915,93.8,0.794,0.604,0.938,0.7707
Max Payne,noir,budget,very_positive,4361,90.0,0.79,0.649,0.89,0.7706
The Adventure Pals,adventure,mid_price,very_positive,231,93.9,0.788,0.701,0.83,0.7703
>observer_,cyberpunk,mid_price,mostly_positive,3051,80.9,0.773,0.737,0.803,0.7696
SteamWorld Dig 2,adventure,mid_price,overwhelmingly_positive,1498,96.3,0.665,0.739,0.927,0.7695
Ori and the Blind Forest: Definitive Edition,platformer,mid_price,overwhelmingly_positive,16513,96.2,0.678,0.699,0.958,0.7692
Volgarr the Viking,platformer,budget,mostly_positive,2085,81.4,0.776,0.73,0.806,0.7689
Nippon Marathon,racing,mid_price,very_positive,133,91.7,0.817,0.694,0.798,0.7684
Lethal League Blaze,action,mid_price,overwhelmingly_positive,1813,96.4,0.708,0.687,0.933,0.7682
Guts and Glory,gore,mid_price,mostly_positive,1256,80.5,0.773,0.738,0.793,0.7671
Yakuza Kiwami,action,mid_price,very_positive,1565,92.6,0.777,0.645,0.897,0.7667
Heliborne,flight,mid_price,mostly_positive,1727,79.8,0.773,0.738,0.791,0.7663
The Talos Principle VR,adventure,mid_price,very_positive,364,87.4,0.788,0.701,0.816,0.7661
Foul Play,beat_em_up,budget,mostly_positive,600,82.2,0.776,0.73,0.796,0.766
Orcs Must Die! 2,tower_defense,mid_price,overwhelmingly_positive,14003,95.1,0.678,0.699,0.947,0.7659
GORN,violent,mid_price,overwhelmingly_positive,3481,96.4,0.678,0.699,0.947,0.7659
Clone Drone in the Danger Zone,action,mid_price,very_positive,1990,94.6,0.727,0.673,0.919,0.7658
Ion Maiden,action,mid_price,overwhelmingly_positive,991,97.2,0.727,0.673,0.919,0.7657
Mark of the Ninja: Remastered,action,mid_price,very_positive,849,94.5,0.727,0.695,0.893,0.7656
MagiCat,platformer,budget,very_positive,94,94.7,0.776,0.73,0.793,0.7652
ClickRaid,clicker,budget,mostly_positive,268,84.7,0.776,0.73,0.793,0.7651
Road Redemption,racing,mid_price,mostly_positive,5844,81.9,0.817,0.668,0.816,0.7645
Battle Chef Brigade Deluxe,action,mid_price,overwhelmingly_positive,1059,96.8,0.727,0.665,0.919,0.763
Overload,action,mid_price,overwhelmingly_positive,953,95.9,0.727,0.673,0.908,0.7623
Candleman: The Complete Journey,action,mid_price,overwhelmingly_positive,587,95.1,0.727,0.695,0.881,0.7622
Super Indie Karts,racing,mid_price,mostly_positive,241,81.7,0.817,0.694,0.777,0.7622
Double Action: Boogaloo,free_to_play,free,very_positive,10038,92.2,0.794,0.597,0.917,0.7619
RACE 07,racing,budget,mostly_positive,2032,82.9,0.996,0.48,0.818,0.7619
Strike Suit Zero,space,mid_price,mostly_positive,1550,78.1,0.773,0.738,0.775,0.7617
Polyball,racing,mid_price,mostly_positive,192,82.3,0.817,0.694,0.775,0.7616
DmC: Devil May Cry,action,mid_price,very_positive,15776,93.9,0.708,0.665,0.936,0.7613
Fistful of Frags,free_to_play,free,very_positive,26202,90.8,0.794,0.604,0.907,0.7612
PAYDAY™ The Heist,fps,mid_price,very_positive,37178,93.2,0.678,0.699,0.93,0.7609
DOOM,fps,mid_price,very_positive,73692,93.0,0.678,0.699,0.929,0.7606
GARAGE: Bad Trip,gore,mid_price,mostly_positive,111,83.8,0.773,0.738,0.77,0.7602
GUN™,western,budget,very_positive,827,89.5,0.79,0.649,0.855,0.76
Turok 2: Seeds of Evil,action,mid_price,very_positive,1041,94.4,0.727,0.673,0.9,0.7599
Galacide,shoot_em_up,budget,very_positive,76,89.5,0.776,0.73,0.775,0.7598
"Guns, Gore and Cannoli 2",action,mid_price,very_positive,1196,93.7,0.727,0.673,0.899,0.7596
EARTH DEFENSE FORCE 4.1 The Shadow of New Despair,action,mid_price,very_positive,4592,94.2,0.708,0.665,0.93,0.7595
Call of Duty®: Black Ops,action,mid_price,very_positive,16040,88.5,0.777,0.633,0.883,0.7582
Pyre,indie,mid_price,very_positive,4758,90.5,0.721,0.677,0.896,0.7581
LEGO® Marvel Super Heroes 2,lego,mid_price,mostly_positive,1138,76.4,0.773,0.738,0.76,0.7572
Shadwen,stealth,mid_price,mostly_positive,766,76.6,0.773,0.738,0.76,0.7572
A Gummy's Life,physics,mid_price,mostly_positive,68,82.4,0.773,0.738,0.76,0.757
Q.U.B.E. 2,adventure,mid_price,mostly_positive,663,82.5,0.785,0.691,0.8,0.7566
Hellblade: Senua's Sacrifice,psychological,mid_price,very_positive,22032,91.8,0.678,0.699,0.916,0.7565
METAL GEAR RISING: REVENGEANCE,action,mid_price,very_positive,14879,92.2,0.708,0.665,0.919,0.7562
Street Legal Racing: Redline v2.3.1,racing,budget,mostly_positive,1475,80.9,0.996,0.48,0.799,0.7561
Screencheat,action,mid_price,very_positive,1256,92.1,0.727,0.673,0.887,0.7561
Worms W.M.D,strategy,mid_price,mostly_positive,2660,80.2,0.758,0.717,0.796,0.7552
HELLDIVERS™ A New Hell Edition,twin_stick_shooter,mid_price,very_positive,14287,91.4,0.678,0.699,0.911,0.7551
War Brokers,massively_multiplayer,budget,mostly_positive,51,84.3,0.776,0.73,0.759,0.755
Stardust Vanguards,local_multiplayer,budget,mostly_positive,96,80.2,0.776,0.73,0.759,0.7549
Megabyte Punch,action,mid_price,very_positive,974,88.9,0.727,0.695,0.855,0.7544
River City Ransom: Underground,beat_em_up,mid_price,mostly_positive,1710,75.1,0.773,0.738,0.751,0.7543
Pharaonic,adventure,mid_price,mostly_positive,182,82.4,0.788,0.701,0.775,0.7539
SYNTHETIK: Legion Rising,action,mid_price,very_positive,1024,92.6,0.708,0.687,0.885,0.7537
Hard Time,violent,budget,mostly_positive,69,79.7,0.776,0.73,0.755,0.7536
Yakuza 0,action,mid_price,very_positive,10366,87.0,0.777,0.633,0.867,0.7535
"Warhammer 40,000: Space Marine",warhammer_40k,mid_price,very_positive,10845,90.8,0.678,0.699,0.904,0.7529
Zombie Driver HD,zombies,budget,mostly_positive,2431,84.3,0.79,0.647,0.832,0.7526
MXGP3 - The Official Motocross Videogame,racing,mid_price,mostly_positive,404,78.7,0.817,0.674,0.769,0.7526
F.E.A.R. 2: Project Origin,horror,budget,very_positive,3783,86.5,0.856,0.558,0.857,0.7516
Wolfenstein: The New Order,fps,mid_price,very_positive,29738,89.9,0.678,0.699,0.897,0.751
Five Nights at Freddy's,horror,budget,very_positive,17963,87.9,0.856,0.538,0.877,0.7508
RUNNING WITH RIFLES,action,mid_price,very_positive,5999,87.6,0.727,0.673,0.87,0.7508
Crysis,fps,budget,mostly_positive,7352,82.6,0.79,0.649,0.823,0.7505
Devil May Cry® 4 Special Edition,action,mid_price,very_positive,5545,90.8,0.708,0.665,0.9,0.7505
Mr. Shifty,action,mid_price,very_positive,990,87.1,0.727,0.695,0.842,0.7503
Action Henk,racing,mid_price,very_positive,625,89.0,0.666,0.755,0.843,0.7501
Overlord™: Raising Hell,rpg,budget,very_positive,1021,92.7,0.739,0.645,0.885,0.75
Vector 36,racing,mid_price,mostly_positive,189,79.9,0.817,0.668,0.766,0.7496
Geometry Wars™ 3: Dimensions Evolved,action,mid_price,very_positive,1010,90.1,0.727,0.673,0.865,0.7495
Misao: Definitive Edition,horror,budget,very_positive,358,97.8,0.856,0.538,0.872,0.7494
Shantae: Half-Genie Hero,platformer,mid_price,very_positive,1864,91.4,0.678,0.699,0.891,0.749
The Letter - Horror Visual Novel,visual_novel,mid_price,very_positive,528,92.6,0.682,0.721,0.861,0.7489
Call of Duty®,fps,mid_price,very_positive,1672,93.0,0.678,0.688,0.902,0.7488
Devil May Cry 4,action,mid_price,very_positive,1764,91.8,0.708,0.665,0.893,0.7485
GRID Autosport,racing,mid_price,mostly_positive,6579,75.5,0.817,0.674,0.755,0.7483
Assassin’s Creed® Brotherhood,action,mid_price,very_positive,7605,87.8,0.708,0.68,0.873,0.7478
Furi,action,mid_price,very_positive,4673,89.9,0.708,0.665,0.889,0.7474
Lucah: Born of a Dream,action,mid_price,very_positive,160,99.4,0.727,0.695,0.832,0.7474
Tesla vs Lovecraft,action,mid_price,very_positive,461,88.7,0.727,0.695,0.831,0.7472
Asterix & Obelix XXL 2,adventure,mid_price,mostly_positive,106,77.4,0.788,0.701,0.753,0.7472
Totally Accurate Battlegrounds,battle_royale,budget,mostly_positive,25851,81.1,0.79,0.649,0.81,0.7466
Risk of Rain 2,rogue_like,mid_price,very_positive,18877,94.8,0.657,0.666,0.945,0.7465
DeathSpank,rpg,budget,very_positive,574,94.1,0.739,0.645,0.874,0.7465
Unreal Tournament 3 Black,fps,mid_price,very_positive,2692,89.7,0.678,0.699,0.882,0.7462
Blood and Bacon,gore,budget,very_positive,17817,94.4,0.7,0.625,0.941,0.7459
Far Cry 3,open_world,mid_price,very_positive,51953,89.2,0.678,0.688,0.891,0.7455
Headlander,action,mid_price,very_positive,638,90.1,0.727,0.673,0.851,0.7453
Revhead,racing,mid_price,mostly_positive,209,76.1,0.817,0.668,0.752,0.7453
Marble It Up!,action,mid_price,very_positive,187,94.7,0.727,0.695,0.822,0.7446
SOMA,horror,mid_price,overwhelmingly_positive,17217,95.6,0.643,0.668,0.953,0.7445
Shaolin vs Wutang,indie,mid_price,very_positive,611,93.8,0.76,0.615,0.874,0.7435
JYDGE,action,mid_price,very_positive,438,86.8,0.727,0.695,0.818,0.7432
CRYPTARK,action,mid_price,mostly_positive,733,84.7,0.727,0.695,0.818,0.7431
Nova Drift,indie,mid_price,very_positive,215,98.6,0.721,0.677,0.846,0.7431
RAGE,fps,budget,mostly_positive,12276,76.5,0.79,0.677,0.765,0.7429
Super Hexagon,indie,budget,overwhelmingly_positive,20413,97.0,0.669,0.624,0.967,0.7424
Sniper Elite: Nazi Zombie Army,zombies,mid_price,very_positive,3650,87.8,0.678,0.699,0.868,0.7421
MegaTagmension Blanc + Neptune VS Zombies (Neptunia),anime,mid_price,very_positive,1101,89.6,0.635,0.744,0.863,0.7417
Cobalt,action,mid_price,very_positive,609,90.5,0.708,0.68,0.852,0.7416
Brothers - A Tale of Two Sons,adventure,mid_price,very_positive,33397,94.9,0.689,0.617,0.947,0.7412
Amnesia: The Dark Descent,horror,mid_price,very_positive,21421,94.4,0.643,0.668,0.941,0.7411
Bit Blaster XL,indie,budget,overwhelmingly_positive,5366,97.3,0.669,0.624,0.961,0.7407
Condemned: Criminal Origins,horror,budget,mostly_positive,1464,84.9,0.856,0.547,0.831,0.7403
Vanquish,action,mid_price,very_positive,2687,87.8,0.708,0.665,0.865,0.7401
Zombie Army Trilogy,zombies,mid_price,very_positive,9802,86.4,0.678,0.699,0.861,0.74
Sublevel Zero Redux,indie,mid_price,very_positive,461,89.4,0.721,0.677,0.835,0.74
Depth,action,mid_price,very_positive,25857,86.6,0.708,0.665,0.864,0.7399
Geneshift,action,mid_price,mostly_positive,750,83.1,0.727,0.695,0.806,0.7397
Adventures of Pip,action,mid_price,very_positive,196,89.8,0.727,0.695,0.806,0.7395
Trackmania United Forever Star Edition,racing,mid_price,very_positive,1018,94.6,0.713,0.628,0.9,0.7394
Pikuniku,indie,mid_price,very_positive,261,93.5,0.721,0.677,0.833,0.7394
Darksiders Warmastered Edition,action,mid_price,mostly_positive,6183,84.9,0.708,0.68,0.844,0.7393
Invisigun Heroes,indie,mid_price,very_positive,268,92.9,0.721,0.677,0.832,0.739
GOCCO OF WAR,anime,mid_price,very_positive,935,88.7,0.635,0.744,0.852,0.7384
Battlefield: Bad Company™ 2,fps,mid_price,very_positive,26970,85.6,0.678,0.699,0.855,0.7383
Serious Sam VR: The First Encounter,action,mid_price,mostly_positive,401,84.3,0.727,0.695,0.801,0.7382
"RIVE: Wreck, Hack, Die, Retry!",action,mid_price,very_positive,692,86.3,0.727,0.673,0.827,0.7381
Knight Squad,action,mid_price,very_positive,293,85.7,0.727,0.695,0.8,0.738
RWBY: Grimm Eclipse,action,mid_price,mostly_positive,10674,82.9,0.727,0.673,0.826,0.7378
LEGO® Batman™ 2: DC Super Heroes,lego,mid_price,very_positive,1098,88.3,0.678,0.699,0.853,0.7377
Orbt XL,indie,budget,overwhelmingly_positive,2145,97.9,0.669,0.624,0.95,0.7375
Viking Squad,action,mid_price,very_positive,183,88.5,0.727,0.695,0.798,0.7373
A Robot Named Fight!,action,mid_price,very_positive,301,90.0,0.727,0.673,0.823,0.7368
Super Cane Magic ZERO,action,mid_price,very_positive,206,95.6,0.727,0.665,0.831,0.7367
OMG Zombies!,zombies,budget,mostly_positive,335,80.3,0.79,0.649,0.776,0.7363
Serious Sam's Bogus Detour,action,mid_price,very_positive,262,85.1,0.727,0.695,0.795,0.7362
Primal Carnage,dinosaurs,budget,mostly_positive,5770,77.1,0.79,0.649,0.769,0.7344
Assassin's Creed® Revelations,action,mid_price,mostly_positive,6967,84.9,0.708,0.665,0.844,0.7339
Shadow Complex Remastered,action,mid_price,mostly_positive,642,84.4,0.727,0.673,0.813,0.7337
Castlevania: Lords of Shadow 2,action,mid_price,mostly_positive,2869,83.3,0.708,0.68,0.825,0.7334
DEMON'S TILT,action,mid_price,very_positive,79,93.7,0.727,0.695,0.785,0.7334
Omensight: Definitive Edition,action,mid_price,very_positive,568,86.6,0.708,0.68,0.824,0.7333
Bunker Punks,action,mid_price,mostly_positive,250,83.2,0.727,0.695,0.785,0.7333
Russian Subway Dogs,indie,mid_price,very_positive,119,98.3,0.721,0.677,0.813,0.7333
Basingstoke,action,mid_price,very_positive,113,88.5,0.727,0.695,0.783,0.7329
TO THE TOP,indie,mid_price,very_positive,471,89.8,0.76,0.615,0.839,0.7328
I Hate Running Backwards,action,mid_price,very_positive,106,88.7,0.727,0.695,0.782,0.7325
Doom 3: BFG Edition,fps,mid_price,mostly_positive,4729,83.7,0.678,0.701,0.831,0.7319
Dishonored®: Death of the Outsider™,stealth,mid_price,mostly_positive,3405,84.1,0.678,0.699,0.833,0.7318
Tom Clancy’s Splinter Cell Blacklist,stealth,mid_price,mostly_positive,11998,83.5,0.678,0.699,0.833,0.7316
Inside My Radio,indie,mid_price,very_positive,391,90.3,0.76,0.615,0.834,0.7315
Bad North,action,mid_price,mostly_positive,866,79.0,0.727,0.695,0.778,0.7314
Beat Hazard 2,indie,mid_price,very_positive,303,92.1,0.76,0.615,0.833,0.7312
APE OUT,indie,mid_price,very_positive,280,92.5,0.76,0.615,0.832,0.7308
Lovely Planet,indie,budget,very_positive,2273,92.0,0.669,0.647,0.9,0.7307
Deep Sixed,action,mid_price,very_positive,80,88.8,0.727,0.695,0.775,0.7304
Floor Kids,action,mid_price,mostly_positive,127,84.3,0.727,0.695,0.774,0.7301
Serious Sam VR: The Second Encounter,action,mid_price,very_positive,108,85.2,0.727,0.695,0.773,0.7299
Zero Escape: Zero Time Dilemma,puzzle,mid_price,very_positive,1510,91.5,0.657,0.668,0.887,0.7298
ShootMania Storm,action,mid_price,very_positive,749,86.5,0.708,0.665,0.831,0.7298
AIRHEART - Tales of broken Wings,action,mid_price,very_positive,107,85.0,0.727,0.695,0.773,0.7297
Way of the Passive Fist,action,mid_price,very_positive,67,89.6,0.727,0.695,0.773,0.7297
Slime-san: Superslime Edition,indie,mid_price,very_positive,210,87.6,0.721,0.677,0.799,0.7292
The friends of Ringo Ishikawa,action,mid_price,very_positive,347,87.3,0.727,0.658,0.814,0.729
METAL GEAR SOLID V: GROUND ZEROES,stealth,mid_price,mostly_positive,9645,82.5,0.678,0.699,0.822,0.7284
Unworthy,action,mid_price,very_positive,268,86.2,0.708,0.687,0.8,0.7283
Serial Cleaner,action,mid_price,mostly_positive,429,78.3,0.727,0.695,0.768,0.7281
Time Warpers,action,mid_price,very_positive,162,93.2,0.727,0.658,0.811,0.7281
TowerClimb,indie,mid_price,very_positive,272,90.8,0.76,0.615,0.823,0.728
Aztez,action,mid_price,mostly_positive,110,82.7,0.727,0.695,0.767,0.728
Monsters and Monocles,action,mid_price,mostly_positive,97,83.5,0.727,0.695,0.767,0.728
Full Mojo Rampage,action,mid_price,very_positive,1138,85.3,0.708,0.658,0.831,0.7274
Shuyan Saga™,action,mid_price,very_positive,294,87.1,0.727,0.658,0.807,0.7271
Warhammer: End Times - Vermintide,action,mid_price,mostly_positive,17465,79.6,0.708,0.687,0.795,0.7268
Die for Valhalla!,action,mid_price,mostly_positive,70,82.9,0.727,0.695,0.761,0.7262
No Time To Explain Remastered,indie,mid_price,mostly_positive,1948,79.6,0.721,0.677,0.789,0.7261
Aaero,indie,mid_price,very_positive,449,86.4,0.76,0.615,0.816,0.7261
F1 2012™,racing,mid_price,very_positive,1623,89.2,0.713,0.616,0.869,0.726
So Many Me,indie,mid_price,very_positive,90,93.3,0.721,0.677,0.789,0.726
Time Recoil,action,mid_price,mostly_positive,62,82.3,0.727,0.695,0.758,0.7254
Wyv and Keep: The Temple of the Lost Idol,action,mid_price,mostly_positive,74,81.1,0.727,0.695,0.758,0.7253
Drunk On Nectar - The Nature Simulator,action,mid_price,mostly_positive,53,83.0,0.727,0.695,0.758,0.7253
Castlevania: Lords of Shadow – Ultimate Edition,action,mid_price,mostly_positive,4780,80.1,0.708,0.68,0.797,0.7252
Among the Sleep - Enhanced Edition,horror,mid_price,very_positive,4505,86.5,0.643,0.694,0.858,0.7252
Flinthook,action,mid_price,mostly_positive,594,76.4,0.727,0.695,0.758,0.7252
Verlet Swing,indie,mid_price,very_positive,71,95.8,0.721,0.677,0.786,0.7252
Heart&Slash,indie,mid_price,mostly_positive,369,81.8,0.721,0.677,0.786,0.7251
Assetto Corsa,racing,mid_price,very_positive,17614,86.7,0.713,0.616,0.865,0.7249
Arma 2: Operation Arrowhead,simulation,mid_price,very_positive,19202,92.1,0.727,0.557,0.918,0.7247
Rage in Peace,indie,mid_price,very_positive,87,92.0,0.721,0.677,0.784,0.7247
Mulaka,indie,mid_price,very_positive,91,91.2,0.721,0.677,0.784,0.7246
Bulletstorm: Full Clip Edition,action,mid_price,mostly_positive,1632,82.5,0.708,0.665,0.813,0.7244
Party Hard 2,indie,mid_price,mostly_positive,625,84.2,0.76,0.615,0.81,0.7243
BossConstructor,action,mid_price,mostly_positive,182,76.9,0.727,0.695,0.754,0.7242
Zombotron,action,mid_price,very_positive,167,89.2,0.727,0.658,0.798,0.7242
The Fall Part 2: Unbound,action,mid_price,very_positive,230,86.5,0.727,0.658,0.797,0.7241
Captain Forever Remix,indie,mid_price,mostly_positive,275,82.2,0.721,0.677,0.782,0.724
Woodpunk,action,mid_price,mostly_positive,120,77.5,0.727,0.695,0.754,0.724
LASTFIGHT,action,mid_price,mostly_positive,67,79.1,0.727,0.695,0.754,0.7239
Indie Pogo,indie,mid_price,very_positive,194,90.7,0.76,0.615,0.809,0.7238
Combat Core,action,mid_price,mostly_positive,53,79.2,0.727,0.695,0.752,0.7236
Dishonored 2,stealth,mid_price,mostly_positive,26081,80.6,0.678,0.699,0.805,0.7234
ARENA GODS®,action,mid_price,very_positive,90,86.7,0.727,0.676,0.773,0.7231
TERRORHYTHM (TRRT) - Rhythm driven action beat 'em up!,action,mid_price,mostly_positive,59,78.0,0.727,0.695,0.751,0.7231
Boulder Dash - 30th Anniversary,action,mid_price,mostly_positive,54,77.8,0.727,0.695,0.75,0.7229
The Textorcist: The Story of Ray Bibbia,indie,mid_price,very_positive,103,87.4,0.721,0.677,0.778,0.7228
Strikers Edge,action,mid_price,mostly_positive,77,76.6,0.727,0.695,0.749,0.7227
Boson X,indie,budget,very_positive,1393,92.5,0.662,0.636,0.893,0.7223
Drifting Lands,indie,mid_price,mostly_positive,225,81.8,0.721,0.677,0.776,0.7223
Super Bunny Man,action,mid_price,mostly_positive,166,84.3,0.708,0.687,0.78,0.7223
Super Hydorah,indie,mid_price,very_positive,105,97.1,0.76,0.615,0.804,0.7223
LEGO® Batman™: The Videogame,lego,mid_price,mostly_positive,1292,81.3,0.678,0.699,0.8,0.7218
The Long Reach,action,mid_price,very_positive,147,87.8,0.727,0.658,0.789,0.7215
Layers of Fear,horror,mid_price,very_positive,16233,89.6,0.643,0.652,0.894,0.7213
Lone Survivor: The Director's Cut,horror,mid_price,very_positive,1172,86.9,0.643,0.694,0.844,0.7212
Carmageddon: Max Damage,action,mid_price,mostly_positive,1703,76.2,0.777,0.633,0.759,0.7211
Corpse Party,horror,mid_price,very_positive,498,92.2,0.643,0.684,0.855,0.7209
Tiny Barbarian DX,action,mid_price,mostly_positive,203,84.7,0.727,0.658,0.786,0.7208
Prototype™,action,mid_price,mostly_positive,4606,80.4,0.708,0.665,0.8,0.7206
Volcanoids,survival,mid_price,mostly_positive,368,80.4,0.773,0.618,0.778,0.7205
Serious Sam HD: The First Encounter,fps,mid_price,very_positive,4219,93.6,0.635,0.631,0.924,0.7203
Bullet Sorrow VR,action,mid_price,very_positive,260,86.2,0.708,0.665,0.799,0.7203
Stellar Interface,indie,mid_price,very_positive,84,85.7,0.721,0.677,0.77,0.7203
TANGLEWOOD®,action,mid_price,very_positive,58,98.3,0.727,0.658,0.784,0.72
Sniper Elite 3,sniper,mid_price,mostly_positive,16034,79.4,0.678,0.699,0.793,0.7198
NeuroVoider,indie,mid_price,mostly_positive,404,78.5,0.721,0.677,0.768,0.7198
Light Fall,indie,mid_price,very_positive,55,89.1,0.721,0.677,0.768,0.7197
Park Bound,action,mid_price,very_positive,69,85.5,0.727,0.673,0.766,0.7196
Painkiller Hell & Damnation,action,mid_price,mostly_positive,2919,76.7,0.727,0.673,0.765,0.7195
Evoland Legendary Edition,action,mid_price,very_positive,114,87.7,0.727,0.658,0.782,0.7194
Slash It 2,indie,budget,very_positive,858,93.0,0.662,0.636,0.882,0.7191
DESYNC,action,mid_price,mostly_positive,352,79.0,0.708,0.687,0.769,0.719
Breathing Fear,horror,budget,mostly_positive,197,84.8,0.856,0.525,0.786,0.719
Altitude,free_to_play,free,very_positive,1668,92.3,0.68,0.606,0.896,0.7188
EARTH'S DAWN,action,mid_price,mostly_positive,134,82.1,0.708,0.687,0.769,0.7188
Worbital,action,mid_price,very_positive,92,90.2,0.727,0.656,0.782,0.7188
Mega Coin Squad,indie,mid_price,mostly_positive,76,84.2,0.721,0.677,0.765,0.7188
Quake III Arena,fps,mid_price,overwhelmingly_positive,1428,95.4,0.635,0.631,0.918,0.7185
Sumoman,action,mid_price,mostly_positive,217,82.5,0.727,0.658,0.779,0.7185
Scrap Garden - The Day Before,adventure,free,mostly_positive,793,75.7,0.812,0.595,0.753,0.7184
Duet,indie,budget,very_positive,648,94.1,0.662,0.636,0.879,0.7183
ECHOPLEX,indie,mid_price,very_positive,56,85.7,0.721,0.677,0.763,0.7183
Space Bob vs. The Replicons,action,mid_price,very_positive,62,88.7,0.727,0.665,0.769,0.7182
Quake Live™,fps,budget,mostly_positive,12183,83.9,0.7,0.634,0.837,0.718
Holdfast: Nations At War,historical,mid_price,very_positive,5095,85.5,0.657,0.666,0.848,0.7175
TumbleSeed,indie,mid_price,mostly_positive,175,78.3,0.721,0.677,0.759,0.7171
Year Walk,horror,budget,very_positive,1666,91.2,0.666,0.622,0.886,0.717
Mindball Play,action,mid_price,mostly_positive,66,84.8,0.727,0.666,0.764,0.7169
RefRain - prism memories -,indie,mid_price,very_positive,55,100.0,0.76,0.615,0.785,0.7166
Far Cry® 4,open_world,mid_price,mostly_positive,21822,78.3,0.678,0.699,0.782,0.7165
Space Grunts,indie,mid_price,mostly_positive,71,80.3,0.721,0.677,0.756,0.7163
Scrap Mechanic,building,mid_price,mostly_positive,17974,84.5,0.657,0.666,0.844,0.7161
20XX,platformer,mid_price,very_positive,2796,92.7,0.635,0.631,0.909,0.716
Singularity™,fps,mid_price,very_positive,2993,92.4,0.635,0.631,0.908,0.7156
Guacamelee! Super Turbo Championship Edition,metroidvania,mid_price,very_positive,1850,93.4,0.635,0.631,0.908,0.7156
MegaSphere,indie,mid_price,mostly_positive,95,77.9,0.721,0.677,0.753,0.7154
Moss,adventure,mid_price,very_positive,577,92.0,0.689,0.617,0.86,0.7152
Greedy Guns,action,mid_price,very_positive,59,88.1,0.727,0.658,0.768,0.7152
Dead Rising 2: Off the Record,action,mid_price,mostly_positive,1763,78.7,0.708,0.665,0.781,0.7148
Samurai Riot,action,mid_price,very_positive,53,88.7,0.727,0.658,0.766,0.7148
UBERMOSH Vol.7,indie,mid_price,very_positive,50,98.0,0.76,0.615,0.779,0.7148
Feudal Alloy,indie,mid_price,mostly_positive,208,76.0,0.721,0.677,0.751,0.7147
Overcooked,local_multiplayer,mid_price,very_positive,7303,91.1,0.635,0.631,0.904,0.7146
DYNASTY WARRIORS 7: Xtreme Legends Definitive Edition / 真・三國無双６ with 猛将伝 DX,action,mid_price,mostly_positive,202,83.2,0.708,0.665,0.78,0.7146
Forsaken Remastered,action,mid_price,very_positive,64,85.9,0.727,0.658,0.765,0.7145
The Bug Butcher,indie,budget,very_positive,1031,91.1,0.669,0.624,0.873,0.7144
Slash It,indie,budget,very_positive,898,90.6,0.662,0.636,0.866,0.7143
Way of the Samurai 3,action,mid_price,mostly_positive,265,77.7,0.708,0.68,0.76,0.7141
Undead Development,indie,mid_price,mostly_positive,149,83.9,0.76,0.615,0.776,0.7141
Runner3,indie,mid_price,mostly_positive,124,75.8,0.721,0.677,0.749,0.7141
Zombasite,action,mid_price,mostly_positive,139,77.7,0.727,0.665,0.755,0.7139
oO,indie,budget,very_positive,866,91.5,0.669,0.624,0.871,0.7137
Ratz Instagib,indie,budget,very_positive,2505,85.4,0.669,0.647,0.843,0.7135
Rosenkreuzstilette Freudenstachel,indie,mid_price,very_positive,60,91.7,0.76,0.615,0.774,0.7133
The World Next Door,action,mid_price,very_positive,54,85.2,0.727,0.658,0.761,0.7133
Stories Untold,adventure,budget,very_positive,2498,87.9,0.67,0.626,0.865,0.7131
Impulsion,indie,mid_price,very_positive,63,90.5,0.76,0.615,0.773,0.713
Wulverblade,indie,mid_price,very_positive,63,90.5,0.76,0.615,0.773,0.713
64.0,indie,budget,very_positive,896,90.7,0.669,0.624,0.867,0.7124
Alchemist's Awakening,indie,mid_price,mostly_positive,291,79.7,0.76,0.615,0.771,0.7124
Warden: Melody of the Undergrowth,action,mid_price,mostly_positive,58,82.8,0.727,0.658,0.759,0.7124
Slender: The Arrival,horror,budget,very_positive,5046,88.5,0.666,0.616,0.878,0.7121
Metaverse Keeper / 元能失控,action,mid_price,mostly_positive,216,76.9,0.727,0.658,0.755,0.7114
PARTICLE MACE,indie,budget,very_positive,1324,89.0,0.669,0.624,0.863,0.7113
Unfortunate Spacemen,indie,mid_price,mostly_positive,195,80.0,0.76,0.615,0.767,0.7112
Blade Ballet,indie,mid_price,mostly_positive,70,84.3,0.76,0.615,0.764,0.7103
ENSLAVED™: Odyssey to the West™ Premium Edition,adventure,mid_price,mostly_positive,4327,85.0,0.689,0.617,0.843,0.7099
Tattletail,horror,budget,very_positive,1492,89.5,0.666,0.616,0.87,0.7097
Old School Musical,adventure,mid_price,very_positive,318,93.4,0.689,0.617,0.842,0.7097
Stealth Inc 2: A Game of Clones,indie,mid_price,mostly_positive,848,76.7,0.76,0.615,0.761,0.7095
Remnants of Naezith,indie,budget,very_positive,273,97.8,0.669,0.624,0.856,0.7092
Quell 4D,indie,mid_price,mostly_positive,88,80.7,0.76,0.615,0.759,0.7089
Princess Remedy 2: In A Heap of Trouble,indie,budget,very_positive,267,97.8,0.669,0.624,0.855,0.7088
Battle Princess Madelyn,indie,mid_price,mostly_positive,83,80.7,0.76,0.615,0.759,0.7088
X-Morph: Defense,tower_defense,mid_price,very_positive,878,93.2,0.635,0.631,0.884,0.7085
Kromaia,indie,mid_price,mostly_positive,102,79.4,0.76,0.615,0.758,0.7084
Ding Dong XL,indie,budget,very_positive,228,99.1,0.669,0.624,0.851,0.7078
Spooky's Jump Scare Mansion: HD Renovation,indie,budget,very_positive,371,92.2,0.669,0.631,0.843,0.7077
Chicken Invaders 4,indie,budget,very_positive,247,97.6,0.669,0.624,0.849,0.7072
THE KING OF FIGHTERS 2002 UNLIMITED MATCH,fighting,mid_price,very_positive,981,92.0,0.635,0.631,0.879,0.7071
Downward Spiral: Horus Station,indie,mid_price,mostly_positive,70,78.6,0.76,0.615,0.753,0.707
Intake,indie,budget,very_positive,375,93.1,0.669,0.624,0.848,0.7069
The Messenger,action,mid_price,overwhelmingly_positive,1936,95.4,0.609,0.617,0.926,0.7066
Dino Run DX,indie,budget,very_positive,639,92.3,0.669,0.607,0.866,0.7065
6180 the moon,indie,budget,very_positive,441,91.4,0.669,0.624,0.846,0.7061
Dyad,indie,mid_price,mostly_positive,217,76.5,0.76,0.611,0.753,0.706
F1 2014,racing,mid_price,mostly_positive,1430,77.8,0.713,0.641,0.773,0.7058
Freedom Fall,indie,budget,very_positive,359,92.8,0.669,0.624,0.845,0.7058
Super Puzzle Platformer Deluxe,indie,budget,very_positive,400,91.8,0.669,0.624,0.844,0.7055
Pacify,horror,budget,very_positive,1508,87.7,0.666,0.616,0.855,0.7053
MX vs. ATV Reflex,racing,mid_price,mostly_positive,1958,81.7,0.666,0.657,0.807,0.7052
Hotline Miami,action,budget,overwhelmingly_positive,47020,97.4,0.531,0.648,0.973,0.7045
Need For Speed: Hot Pursuit,racing,mid_price,mostly_positive,14180,80.4,0.666,0.657,0.803,0.704
Velocibox,indie,budget,very_positive,595,88.6,0.669,0.624,0.839,0.704
Smashbox Arena,shooter,mid_price,very_positive,397,96.2,0.635,0.631,0.869,0.7039
Shotgun Farmers,indie,budget,very_positive,598,88.5,0.669,0.624,0.838,0.7038
"Linea, the Game",indie,budget,very_positive,839,87.0,0.669,0.624,0.837,0.7036
Reveal The Deep,indie,budget,mostly_positive,1275,84.8,0.669,0.631,0.828,0.7033
Murder Miners,indie,budget,mostly_positive,5113,84.0,0.669,0.624,0.835,0.7028
Mechanic Escape,indie,budget,very_positive,755,86.9,0.669,0.624,0.834,0.7025
"Hot Dogs, Horseshoes & Hand Grenades",simulation,mid_price,overwhelmingly_positive,3153,96.9,0.6,0.59,0.949,0.7011
Tom Clancy's Rainbow Six® Siege,fps,mid_price,mostly_positive,310798,80.8,0.657,0.653,0.808,0.701
Far Cry 3 - Blood Dragon,fps,mid_price,very_positive,10539,88.1,0.635,0.616,0.877,0.7008
Killer Instinct,fighting,mid_price,very_positive,1476,88.1,0.635,0.631,0.858,0.7008
Outcast - Second Contact,adventure,mid_price,very_positive,330,87.0,0.689,0.617,0.81,0.7002
10 Second Ninja,indie,budget,very_positive,685,85.8,0.669,0.624,0.824,0.6996
Circa Infinity,indie,budget,very_positive,208,93.8,0.669,0.624,0.824,0.6996
Timberman,action,budget,very_positive,5489,93.6,0.587,0.617,0.926,0.6994
ULTIMATE MARVEL VS. CAPCOM 3,fighting,mid_price,very_positive,1587,87.3,0.635,0.631,0.853,0.6992
Super Fancy Pants Adventure,indie,budget,very_positive,462,87.2,0.669,0.624,0.822,0.6991
State of Anarchy,indie,budget,mostly_positive,939,84.7,0.669,0.624,0.822,0.699
Nex Machina,twin_stick_shooter,mid_price,very_positive,1354,87.5,0.635,0.631,0.852,0.6987
CASE: Animatronics,horror,budget,mostly_positive,1143,83.8,0.666,0.627,0.819,0.6982
Tasty Planet: Back for Seconds,indie,budget,very_positive,240,89.6,0.662,0.636,0.812,0.6981
Heavy Bullets,indie,budget,mostly_positive,1136,83.7,0.669,0.624,0.818,0.6978
Upside Down,indie,budget,very_positive,389,87.4,0.669,0.624,0.818,0.6978
Pivvot,indie,budget,very_positive,224,91.5,0.669,0.624,0.818,0.6978
Void Invaders,indie,budget,very_positive,311,88.7,0.669,0.624,0.818,0.6977
Masochisia,indie,budget,very_positive,308,87.0,0.669,0.631,0.808,0.6973
Arizona Sunshine,zombies,mid_price,very_positive,3714,85.2,0.635,0.633,0.844,0.6971
Star Shelter,adventure,mid_price,very_positive,191,88.5,0.689,0.617,0.799,0.6969
Space Pirate Trainer,action,mid_price,overwhelmingly_positive,1993,95.8,0.609,0.585,0.93,0.6967
Root Of Evil: The Tailor,indie,budget,very_positive,336,86.0,0.669,0.631,0.806,0.6966
Anarcute,cute,mid_price,very_positive,299,94.3,0.635,0.631,0.844,0.6965
ICEY,action,budget,very_positive,18605,91.3,0.587,0.623,0.91,0.6964
INK,indie,budget,mostly_positive,1496,82.7,0.669,0.624,0.813,0.6964
Orcs Must Die!,tower_defense,budget,overwhelmingly_positive,5551,96.8,0.582,0.588,0.956,0.6963
MOMO.EXE,indie,budget,very_positive,313,86.3,0.669,0.631,0.805,0.6963
99Vidas,indie,budget,very_positive,321,87.5,0.669,0.624,0.812,0.6962
Windscape,adventure,mid_price,very_positive,165,89.1,0.689,0.617,0.797,0.6961
Rats - Time is running out!,indie,budget,very_positive,276,88.4,0.669,0.624,0.812,0.6959
Grass Cutter - Mutated Lawns,indie,budget,very_positive,228,89.9,0.669,0.624,0.812,0.6959
Witch It,action,mid_price,very_positive,2919,90.3,0.609,0.617,0.888,0.6954
SEPTEMBER 1999,indie,free,very_positive,870,89.4,0.649,0.604,0.856,0.6952
de Blob,adventure,mid_price,very_positive,90,95.6,0.689,0.617,0.794,0.6952
Dashy Square,indie,budget,very_positive,177,89.8,0.662,0.636,0.802,0.6951
Rampage Knights,action,budget,very_positive,2490,92.4,0.587,0.623,0.905,0.6949
Shantae: Half-Genie Hero Ultimate Edition,adventure,mid_price,very_positive,156,88.5,0.689,0.617,0.793,0.6949
UBERMOSH Vol.3,indie,budget,very_positive,180,91.1,0.669,0.624,0.807,0.6946
DreadOut,horror,mid_price,mostly_positive,3215,75.6,0.643,0.694,0.755,0.6945
Fight'N Rage,action,mid_price,very_positive,792,93.8,0.609,0.617,0.885,0.6945
Camp Sunshine,indie,budget,very_positive,194,90.2,0.669,0.624,0.807,0.6944
JJBoom,indie,budget,very_positive,163,92.0,0.669,0.624,0.807,0.6944
kuso,indie,budget,very_positive,121,95.9,0.669,0.624,0.807,0.6944
Alan Wake,action,mid_price,very_positive,25125,91.4,0.609,0.593,0.912,0.6943
"Guns, Gore & Cannoli",action,budget,very_positive,1775,93.0,0.587,0.623,0.903,0.6943
Super Lucky's Tale,adventure,mid_price,very_positive,159,87.4,0.689,0.617,0.79,0.694
Doorways: Holy Mountains of Flesh,horror,mid_price,mostly_positive,380,84.7,0.643,0.652,0.802,0.6939
STASIS,adventure,budget,mostly_positive,1129,81.5,0.67,0.626,0.8,0.6938
On A Roll 3D,indie,budget,very_positive,230,88.3,0.669,0.624,0.805,0.6938
Trials Evolution: Gold Edition,racing,mid_price,mostly_positive,1805,76.6,0.666,0.662,0.763,0.6937
Praey for the Gods,adventure,mid_price,mostly_positive,460,81.7,0.689,0.617,0.789,0.6937
Qvadriga,racing,mid_price,mostly_positive,265,81.1,0.666,0.651,0.776,0.6937
Rising Storm 2: Vietnam,fps,mid_price,mostly_positive,21978,78.3,0.657,0.653,0.782,0.6932
NO THING,indie,budget,very_positive,224,87.9,0.669,0.624,0.803,0.6932
Yomawari: Night Alone / 夜廻,adventure,mid_price,mostly_positive,912,79.8,0.689,0.617,0.785,0.6929
Space Beast Terror Fright,action,mid_price,very_positive,719,93.6,0.609,0.617,0.88,0.6929
Jet Island,action,mid_price,very_positive,444,97.1,0.609,0.617,0.88,0.6929
Bleed,action,budget,very_positive,1755,93.2,0.587,0.617,0.904,0.6928
Door Kickers: Action Squad,action,mid_price,very_positive,887,92.4,0.609,0.617,0.879,0.6927
Remember Me,cyberpunk,mid_price,mostly_positive,10895,83.3,0.635,0.631,0.831,0.6926
Wick,horror,budget,mostly_positive,429,84.6,0.666,0.622,0.805,0.6925
White Noise 2,horror,budget,mostly_positive,2181,82.1,0.666,0.616,0.812,0.6923
The Evil Within,horror,mid_price,mostly_positive,12944,81.7,0.599,0.679,0.816,0.6922
Polygon Attack,indie,budget,very_positive,163,87.7,0.662,0.636,0.792,0.692
Wild Animal Sports Day,horror,budget,very_positive,122,92.6,0.666,0.626,0.798,0.6915
Trip to Vinelands,indie,budget,very_positive,125,92.0,0.669,0.624,0.797,0.6914
XGun-Weapon Evolution,indie,budget,very_positive,115,93.0,0.669,0.624,0.796,0.6914
Millie,indie,budget,mostly_positive,610,82.1,0.669,0.624,0.796,0.6913
You Must Build A Boat,indie,budget,mostly_positive,752,81.5,0.669,0.624,0.795,0.691
Rifter,indie,budget,very_positive,88,96.6,0.669,0.624,0.795,0.691
IS Defense,action,budget,very_positive,1066,94.1,0.587,0.617,0.898,0.6909
True Fear: Forsaken Souls Part 2,adventure,budget,very_positive,151,88.1,0.67,0.626,0.791,0.6909
Outrunner,indie,budget,mostly_positive,338,83.7,0.669,0.624,0.794,0.6906
12 orbits,indie,budget,very_positive,202,86.6,0.669,0.624,0.794,0.6906
Castle Crashers®,action,budget,overwhelmingly_positive,52336,96.1,0.531,0.619,0.959,0.6903
Bayonetta,action,mid_price,very_positive,9709,91.3,0.609,0.585,0.908,0.6901
UBERMOSH:WRAITH,indie,budget,very_positive,139,89.2,0.669,0.624,0.792,0.6899
Penarium,indie,budget,mostly_positive,296,83.8,0.669,0.624,0.791,0.6898
Pathologic Classic HD,survival,budget,mostly_positive,993,84.9,0.79,0.474,0.825,0.6897
Canabalt,indie,budget,very_positive,204,85.8,0.669,0.624,0.791,0.6896
Unruly Heroes,adventure,mid_price,mostly_positive,239,81.2,0.689,0.617,0.775,0.6894
Getting Over It with Bennett Foddy,horror,budget,mostly_positive,13877,79.0,0.666,0.627,0.789,0.6893
Time Up,adventure,budget,very_positive,86,96.5,0.67,0.619,0.794,0.6893
House of the Dying Sun,action,mid_price,very_positive,1109,90.1,0.609,0.617,0.868,0.6892
Pivot XL,indie,budget,very_positive,77,96.1,0.669,0.624,0.789,0.6892
SUPERHOT VR,action,mid_price,very_positive,2272,88.3,0.609,0.617,0.867,0.6891
Jumps,indie,budget,very_positive,146,93.8,0.669,0.607,0.808,0.6891
Wings of Vi,platformer,mid_price,mostly_positive,982,84.1,0.635,0.631,0.819,0.6889
Akane,action,budget,very_positive,433,98.2,0.587,0.623,0.885,0.6889
Quake IV,fps,mid_price,mostly_positive,1062,83.9,0.635,0.631,0.818,0.6888
Sairento VR,action,mid_price,very_positive,1053,90.0,0.609,0.617,0.866,0.6887
Surfingers,indie,budget,mostly_positive,545,81.1,0.669,0.624,0.788,0.6887
AMID EVIL,action,mid_price,overwhelmingly_positive,592,98.3,0.609,0.585,0.903,0.6886
Project Warlock,gore,mid_price,very_positive,354,87.9,0.635,0.631,0.817,0.6885
Save the Ninja Clan,indie,budget,very_positive,92,92.4,0.669,0.624,0.787,0.6885
Silver,rpg,budget,very_positive,273,91.6,0.645,0.613,0.826,0.6884
Madballs in Babo:Invasion ,indie,budget,mostly_positive,236,83.9,0.669,0.624,0.786,0.6883
The Eternal Castle [REMASTERED],adventure,budget,very_positive,185,86.5,0.67,0.619,0.791,0.6883
Pushcat,indie,budget,very_positive,86,93.0,0.669,0.624,0.786,0.6883
Heathen - The sons of the law,adventure,mid_price,very_positive,60,90.0,0.689,0.617,0.771,0.6883
Insurgency: Sandstorm,fps,mid_price,mostly_positive,16791,76.6,0.657,0.653,0.765,0.6882
Marble Skies,indie,budget,very_positive,136,87.5,0.669,0.624,0.786,0.6881
Mega Man 11 / ロックマン11 運命の歯車!!,action,mid_price,very_positive,1630,93.0,0.609,0.585,0.901,0.688
SWEATER? OK!,indie,budget,very_positive,112,89.3,0.669,0.624,0.785,0.688
Bing Bong XL,indie,budget,very_positive,84,92.9,0.669,0.624,0.785,0.688
Fly O'Clock,indie,budget,mostly_positive,324,82.1,0.669,0.624,0.785,0.6878
Don't open the doors!,indie,budget,very_positive,157,86.0,0.669,0.624,0.785,0.6878
Adventure Time: Pirates of the Enchiridion,adventure,mid_price,very_positive,87,85.1,0.689,0.617,0.769,0.6877
Catmaze,adventure,budget,very_positive,175,86.3,0.67,0.619,0.789,0.6876
Ben and Ed - Blood Party,gore,mid_price,mostly_positive,698,84.4,0.635,0.631,0.814,0.6875
The Sun and Moon,indie,budget,very_positive,141,86.5,0.669,0.624,0.784,0.6875
Conan the mighty pig,horror,budget,mostly_positive,298,84.6,0.666,0.616,0.795,0.6874
Rez Infinite,action,mid_price,very_positive,639,91.5,0.609,0.617,0.861,0.6872
Face It - A game to fight inner demons,indie,budget,mostly_positive,1158,78.3,0.662,0.636,0.775,0.6871
Starr Mazer: DSP,indie,budget,mostly_positive,203,83.7,0.669,0.624,0.782,0.6871
Fairy Bloom Freesia,anime,budget,very_positive,1021,86.4,0.582,0.664,0.837,0.687
Welcome to the Game II,horror,budget,mostly_positive,765,81.3,0.666,0.616,0.794,0.687
Ninja Pizza Girl,indie,budget,mostly_positive,262,80.9,0.662,0.636,0.775,0.687
PLANET ALPHA,adventure,mid_price,mostly_positive,216,79.6,0.689,0.617,0.767,0.687
QUAKE,fps,budget,overwhelmingly_positive,2754,95.1,0.582,0.583,0.93,0.6869
UBERMOSH,action,budget,very_positive,1960,89.8,0.587,0.623,0.878,0.6869
Frederic: Resurrection of Music Director's Cut,indie,budget,mostly_positive,238,82.8,0.669,0.624,0.782,0.6869
Iggy's Egg Adventure,indie,budget,mostly_positive,174,84.5,0.669,0.624,0.782,0.6869
Righty Tighty XL,indie,budget,very_positive,68,94.1,0.669,0.624,0.781,0.6868
Ravva and the Cyclops Curse,indie,budget,very_positive,53,98.1,0.669,0.624,0.781,0.6866
Tumbleweed Express,indie,budget,very_positive,98,88.8,0.669,0.624,0.78,0.6865
Treadnauts,indie,budget,very_positive,125,86.4,0.669,0.624,0.78,0.6864
The Story Goes On,indie,budget,very_positive,111,87.4,0.669,0.624,0.78,0.6864
Retro Game Crunch,indie,budget,mostly_positive,319,81.2,0.669,0.624,0.78,0.6863
NyxQuest: Kindred Spirits,adventure,budget,very_positive,96,90.6,0.67,0.619,0.784,0.6863
Doughlings: Arcade,indie,budget,very_positive,56,96.4,0.669,0.624,0.78,0.6863
LEGO® Indiana Jones™: The Original Adventures,adventure,mid_price,mostly_positive,392,77.8,0.689,0.617,0.764,0.6862
Pankapu,indie,budget,mostly_positive,241,82.2,0.669,0.624,0.779,0.6862
Splatter - Zombie Apocalypse,action,budget,very_positive,2060,90.2,0.587,0.617,0.882,0.6861
Shmadow,indie,budget,mostly_positive,200,83.0,0.669,0.624,0.779,0.6861
Grand Pigeon's Duty,indie,budget,mostly_positive,506,79.8,0.669,0.624,0.779,0.686
Polynomial 2 - Universe of the Music,indie,budget,very_positive,126,85.7,0.669,0.624,0.778,0.6859
Recursion Deluxe,indie,budget,very_positive,72,91.7,0.669,0.624,0.778,0.6859
ROCKETSROCKETSROCKETS,indie,budget,mostly_positive,549,78.5,0.662,0.636,0.771,0.6858
Space Ace,adventure,budget,very_positive,88,90.9,0.67,0.619,0.782,0.6858
POSTAL Redux,action,budget,very_positive,1279,90.5,0.587,0.623,0.874,0.6857
HellCat,indie,budget,very_positive,111,86.5,0.669,0.624,0.777,0.6857
Madrobot X,indie,budget,very_positive,89,88.8,0.669,0.624,0.778,0.6857
COLINA: Legacy,indie,budget,very_positive,83,85.5,0.669,0.631,0.769,0.6855
TTV2,indie,budget,very_positive,69,91.3,0.669,0.624,0.777,0.6854
Wolfenstein 3D,fps,budget,overwhelmingly_positive,1860,95.3,0.582,0.583,0.924,0.6851
Welcome to the Game,horror,budget,mostly_positive,1627,83.3,0.666,0.589,0.819,0.6851
Rise of Insanity,horror,budget,mostly_positive,506,80.0,0.666,0.622,0.78,0.6851
Metal Tales: Fury of the Guitar Gods,indie,budget,very_positive,72,90.3,0.669,0.624,0.776,0.6851
Sunset Overdrive,action,mid_price,very_positive,2695,89.8,0.609,0.592,0.883,0.685
Grand Theft Auto: Vice City,open_world,budget,very_positive,10636,92.3,0.582,0.588,0.918,0.6849
Guacamelee! 2,action,mid_price,very_positive,641,94.7,0.609,0.592,0.883,0.6849
Harvester,horror,budget,very_positive,625,91.4,0.666,0.554,0.859,0.6849
Cosmophony,indie,budget,very_positive,102,86.3,0.669,0.624,0.775,0.6849
Space Impossible,adventure,budget,very_positive,78,91.0,0.67,0.619,0.779,0.6848
In Death,action,mid_price,very_positive,504,91.7,0.609,0.617,0.853,0.6847
Chicken Invaders 5,action,budget,very_positive,451,96.5,0.587,0.617,0.877,0.6846
Don't Knock Twice,adventure,mid_price,mostly_positive,225,77.3,0.689,0.617,0.757,0.6845
Archimedes,indie,budget,mostly_positive,175,80.0,0.669,0.631,0.765,0.6844
Dead End Road,indie,budget,very_positive,151,88.7,0.669,0.607,0.793,0.6844
Ultimate Doom,classic,budget,very_positive,3962,93.5,0.582,0.583,0.922,0.6843
Vox Machinae,action,mid_price,very_positive,436,92.4,0.609,0.617,0.851,0.6843
iO,indie,budget,mostly_positive,177,81.9,0.669,0.624,0.773,0.6842
Binaries,indie,budget,very_positive,58,91.4,0.669,0.624,0.772,0.6842
Pix the Cat,indie,budget,mostly_positive,299,79.9,0.669,0.624,0.772,0.6841
Earth Overclocked,indie,budget,mostly_positive,128,83.6,0.669,0.624,0.772,0.6841
Feral Fury,indie,budget,very_positive,97,85.6,0.669,0.624,0.772,0.6841
PAC-MAN 256,action,budget,very_positive,892,90.9,0.587,0.623,0.868,0.6838
Collisions,indie,budget,mostly_positive,187,81.3,0.669,0.624,0.771,0.6838
Dead Horizon,indie,free,very_positive,232,95.3,0.649,0.589,0.836,0.6837
SAS,adventure,mid_price,mostly_positive,111,78.4,0.689,0.617,0.756,0.6837
Heroes Never Lose: Professor Puzzler's Perplexing Ploy,indie,budget,very_positive,73,87.7,0.669,0.624,0.771,0.6837
Don't cut your hand,indie,budget,mostly_positive,164,81.7,0.669,0.624,0.771,0.6836
Zombie Kill of the Week - Reborn,action,budget,very_positive,799,92.1,0.587,0.617,0.873,0.6834
OVERWHELM,indie,budget,mostly_positive,97,84.5,0.669,0.624,0.77,0.6833
Shio,indie,budget,mostly_positive,1137,77.6,0.669,0.624,0.769,0.6832
Disney Infinity 3.0: Gold Edition,adventure,mid_price,mostly_positive,185,76.8,0.689,0.617,0.754,0.6832
Ballpoint Universe - Infinite,indie,budget,mostly_positive,627,77.0,0.662,0.636,0.762,0.6831
COMPOUND,action,mid_price,very_positive,240,97.5,0.609,0.617,0.847,0.6831
Goblin and Coins,indie,budget,very_positive,57,89.5,0.669,0.624,0.769,0.6831
Iron Brigade,tower_defense,mid_price,mostly_positive,697,82.2,0.635,0.631,0.799,0.6829
Last Horizon,indie,budget,mostly_positive,142,81.7,0.669,0.624,0.768,0.6829
Furious Seas,pirates,mid_price,very_positive,114,93.9,0.635,0.631,0.798,0.6828
Adventure in the Tower of Flight,adventure,budget,very_positive,84,86.9,0.67,0.619,0.772,0.6828
Spin Rush,indie,budget,mostly_positive,343,78.7,0.669,0.624,0.768,0.6827
Lichtspeer,indie,budget,mostly_positive,111,82.9,0.669,0.624,0.768,0.6827
Salty Fish Go!,action,budget,very_positive,810,91.1,0.587,0.62,0.866,0.6825
Porcunipine,indie,budget,mostly_positive,97,83.5,0.669,0.624,0.767,0.6825
Dungeons & Dragons: Chronicles of Mystara,beat_em_up,mid_price,mostly_positive,965,81.3,0.635,0.631,0.797,0.6824
Slip,indie,budget,mostly_positive,109,82.6,0.669,0.624,0.767,0.6824
Tower Fortress,indie,budget,very_positive,52,88.5,0.669,0.624,0.766,0.6821
DOOM II,classic,budget,very_positive,2699,93.3,0.582,0.583,0.914,0.682
Infested Planet,strategy,mid_price,very_positive,2081,93.9,0.5,0.664,0.915,0.6818
Original Journey,indie,budget,mostly_positive,88,83.0,0.669,0.624,0.764,0.6817
Zero G Arena,action,budget,very_positive,749,91.6,0.587,0.617,0.867,0.6816
Wolfenstein: The Old Blood,action,mid_price,very_positive,7489,88.5,0.609,0.585,0.88,0.6815
Shank,action,budget,very_positive,1976,88.5,0.587,0.617,0.867,0.6815
Yet Another World,indie,budget,mostly_positive,63,81.0,0.662,0.636,0.756,0.6814
Dark Messiah of Might & Magic,rpg,budget,very_positive,4702,93.3,0.611,0.545,0.922,0.6811
Bleed 2,action,budget,very_positive,421,95.0,0.587,0.617,0.865,0.681
ROOT,indie,budget,mostly_positive,139,79.9,0.669,0.624,0.762,0.681
Keebles,indie,budget,mostly_positive,57,80.7,0.662,0.636,0.755,0.681
Big Action Mega Fight!,indie,budget,mostly_positive,193,78.8,0.669,0.624,0.762,0.6809
BUTCHER,action,budget,very_positive,608,91.3,0.587,0.623,0.857,0.6807
Super Dungeon Boy,indie,budget,mostly_positive,162,79.0,0.669,0.624,0.761,0.6807
Slowdrive,indie,budget,very_positive,66,93.9,0.669,0.607,0.78,0.6807
Return to Castle Wolfenstein,fps,budget,very_positive,3360,91.8,0.582,0.588,0.904,0.6806
The Dishwasher: Vampire Smile,action,budget,very_positive,430,94.7,0.587,0.617,0.864,0.6806
Kick Ass Commandos,action,budget,very_positive,377,95.8,0.587,0.617,0.863,0.6805
The Brookhaven Experiment,action,mid_price,very_positive,757,87.5,0.609,0.617,0.838,0.6803
Bullshot,indie,budget,mostly_positive,272,77.6,0.669,0.624,0.76,0.6803
Flat Kingdom Paper's Cut Edition,indie,budget,mostly_positive,168,78.6,0.669,0.624,0.76,0.6803
Tom Clancy's Splinter Cell Chaos Theory®,stealth,budget,very_positive,1917,92.7,0.582,0.588,0.902,0.6802
DubWars,indie,budget,mostly_positive,263,77.6,0.669,0.624,0.759,0.6802
Planet Diver,indie,budget,mostly_positive,54,83.3,0.669,0.624,0.759,0.68
Where's My Mommy?,indie,budget,mostly_positive,153,78.4,0.669,0.624,0.758,0.6799
Counter-Strike: Condition Zero,action,budget,very_positive,13559,89.4,0.531,0.648,0.891,0.6798
Muffin Knight,indie,budget,mostly_positive,382,76.7,0.669,0.624,0.757,0.6796
TY the Tasmanian Tiger 2,action,mid_price,very_positive,348,96.8,0.609,0.592,0.865,0.6796
Miner Meltdown,indie,budget,mostly_positive,122,78.7,0.669,0.624,0.757,0.6796
Dungeon of Zolthan,indie,budget,mostly_positive,430,76.5,0.669,0.624,0.757,0.6795
Mana Spark,rpg,budget,very_positive,209,87.1,0.645,0.613,0.797,0.6795
Dead Acres,indie,budget,mostly_positive,125,78.4,0.669,0.624,0.757,0.6794
DEAD RISING®,action,mid_price,very_positive,1785,89.4,0.609,0.585,0.872,0.6793
Dragon's Lair,adventure,budget,mostly_positive,404,77.2,0.67,0.619,0.761,0.6793
RETSNOM,indie,budget,mostly_positive,70,80.0,0.669,0.624,0.756,0.6791
DYE,indie,budget,mostly_positive,58,81.0,0.669,0.624,0.756,0.6791
NEXT JUMP: Shmup Tactics,indie,budget,mostly_positive,54,81.5,0.669,0.624,0.756,0.6791
Reign of Bullets,indie,budget,mostly_positive,82,79.3,0.669,0.624,0.755,0.679
Toast Time,indie,budget,mostly_positive,74,79.7,0.669,0.624,0.755,0.679
Super Splatters,indie,budget,mostly_positive,155,77.4,0.669,0.624,0.755,0.6789
Immortal Planet,souls_like,mid_price,very_positive,126,88.1,0.635,0.631,0.785,0.6789
Gunmetal Arcadia Zero,adventure,budget,mostly_positive,84,81.0,0.67,0.619,0.759,0.6789
Crowman & Wolfboy,indie,budget,mostly_positive,57,80.7,0.669,0.624,0.755,0.6789
Dragon's Lair 2: Time Warp,adventure,budget,mostly_positive,55,83.6,0.67,0.619,0.759,0.6789
HoloBall,action,mid_price,very_positive,430,91.6,0.609,0.606,0.846,0.6788
Run Rabbit Run,adventure,budget,mostly_positive,88,80.7,0.67,0.619,0.759,0.6788
Raw Data,action,mid_price,mostly_positive,1883,84.7,0.609,0.617,0.833,0.6787
Share,indie,budget,mostly_positive,202,76.7,0.669,0.624,0.754,0.6786
QUAKE II,fps,budget,very_positive,1476,92.8,0.582,0.588,0.897,0.6785
Just Ski - a physics game by Jeff Weber,indie,budget,mostly_positive,59,79.7,0.669,0.624,0.754,0.6785
Lovely Planet Arcade,indie,budget,mostly_positive,92,75.0,0.662,0.636,0.746,0.6784
Gnomes Vs. Fairies: Greckel's Quest,adventure,budget,mostly_positive,57,82.5,0.67,0.619,0.758,0.6784
Flight Control HD,action,budget,very_positive,442,91.9,0.587,0.623,0.848,0.678
Orborun,indie,budget,mostly_positive,410,79.0,0.669,0.607,0.771,0.678
SURV1V3,gore,mid_price,mostly_positive,235,83.0,0.635,0.631,0.782,0.678
NOT A HERO,action,budget,very_positive,1748,87.4,0.587,0.617,0.855,0.6779
Serious Sam VR: The Last Hope,action,mid_price,very_positive,958,85.6,0.609,0.617,0.83,0.6778
OmniBus,indie,budget,mostly_positive,243,80.2,0.669,0.607,0.771,0.6778
HoPiKo,indie,budget,mostly_positive,144,76.4,0.669,0.624,0.751,0.6778
Kung Fury: Street Rage,action,budget,very_positive,2213,90.2,0.531,0.648,0.884,0.6777
Probability 0,indie,budget,mostly_positive,51,78.4,0.669,0.624,0.751,0.6777
StarsOne,indie,budget,mostly_positive,400,75.5,0.669,0.624,0.751,0.6776
Razenroth,rpg,budget,mostly_positive,464,81.9,0.645,0.613,0.79,0.6775
God of Word,indie,budget,mostly_positive,74,77.0,0.669,0.624,0.75,0.6774
Commander Cool 2,action,budget,very_positive,1048,88.4,0.587,0.617,0.853,0.6773
Race The Sun,racing,budget,very_positive,5601,93.9,0.542,0.597,0.929,0.6772
Brief Karate Foolish,horror,free,very_positive,2155,94.1,0.666,0.483,0.917,0.6772
Fancy Skulls,indie,budget,mostly_positive,276,75.4,0.669,0.624,0.749,0.6772
SWARMRIDER OMEGA,indie,budget,mostly_positive,53,77.4,0.669,0.624,0.749,0.6772
Gauntlet™ Slayer Edition,dungeon_crawler,mid_price,mostly_positive,6404,78.0,0.635,0.631,0.779,0.6769
Tiltagon,indie,budget,mostly_positive,71,76.1,0.669,0.624,0.748,0.6768
Beyond Gravity,action,budget,very_positive,888,88.6,0.587,0.617,0.851,0.6767
Of Carrots And Blood,indie,budget,mostly_positive,90,75.6,0.669,0.624,0.748,0.6767
Disorder,indie,budget,mostly_positive,82,75.6,0.669,0.624,0.748,0.6767
One More Line,indie,budget,mostly_positive,165,75.2,0.669,0.624,0.747,0.6766
Angry Video Game Nerd II: ASSimilation,action,budget,very_positive,549,90.7,0.587,0.617,0.85,0.6765
Copy Kitty,action,mid_price,very_positive,149,98.7,0.609,0.617,0.825,0.6765
BIT.TRIP VOID,indie,budget,mostly_positive,77,75.3,0.669,0.624,0.747,0.6764
Ultratron,action,budget,very_positive,605,90.1,0.587,0.617,0.849,0.6763
Diamo XL,action,budget,very_positive,287,95.8,0.587,0.617,0.849,0.6763
PixelJunk™ Shooter,action,budget,very_positive,484,90.3,0.587,0.623,0.843,0.6762
Vektor Wars,indie,budget,mostly_positive,52,75.0,0.669,0.624,0.746,0.6762
STAND OUT : VR Battle Royale,battle_royale,mid_price,mostly_positive,956,78.3,0.635,0.631,0.774,0.6756
The Deadly Tower of Monsters,action,mid_price,very_positive,1034,88.2,0.609,0.592,0.851,0.6755
12 is Better Than 6,action,budget,mostly_positive,3768,84.7,0.587,0.623,0.84,0.6753
Penguins Arena: Sedna's World,action,budget,very_positive,1031,87.5,0.587,0.617,0.846,0.6752
Olympia Rising,adventure,budget,mostly_positive,96,75.0,0.67,0.619,0.746,0.675
Shooting Stars!,action,budget,very_positive,557,89.8,0.587,0.617,0.844,0.6748
Fight of Gods,action,mid_price,very_positive,682,85.2,0.609,0.617,0.819,0.6747
Enclave,rpg,budget,mostly_positive,5215,78.2,0.645,0.613,0.78,0.6744
SinaRun,indie,budget,mostly_positive,180,78.3,0.669,0.607,0.759,0.6744
Road to Ballhalla,action,mid_price,very_positive,317,88.6,0.609,0.617,0.818,0.6742
Mirror's Edge™,parkour,budget,very_positive,20221,88.4,0.582,0.588,0.882,0.6741
Blade and Sorcery,action,mid_price,very_positive,1529,86.7,0.609,0.592,0.847,0.6741
Shift Happens,action,mid_price,very_positive,248,90.3,0.609,0.617,0.817,0.6739
Katamari Damacy REROLL,action,mid_price,very_positive,617,90.6,0.609,0.585,0.853,0.6737
Z Runaway,indie,budget,mostly_positive,68,80.9,0.669,0.607,0.757,0.6737
Onimusha: Warlords / 鬼武者,action,mid_price,very_positive,425,92.9,0.609,0.585,0.853,0.6736
Team Fortress Classic,action,budget,mostly_positive,3951,84.0,0.587,0.623,0.833,0.6734
Supercharged Robot VULKAISER,action,budget,very_positive,224,95.1,0.587,0.623,0.833,0.6734
The TakeOver,action,mid_price,very_positive,204,91.7,0.609,0.617,0.815,0.6733
Tower Hunter: Erza's Trial,metroidvania,mid_price,mostly_positive,365,78.4,0.635,0.631,0.766,0.6731
Cosmochoria,action,budget,very_positive,445,90.1,0.587,0.617,0.838,0.673
Fight Angel/格斗天使,nudity,mid_price,very_positive,59,94.9,0.635,0.62,0.779,0.673
Dark Deception,horror,free,very_positive,1079,89.1,0.666,0.52,0.859,0.6727
Roof Rage,action,mid_price,very_positive,150,94.7,0.609,0.617,0.812,0.6726
Hyper Knights,action,budget,very_positive,522,88.9,0.587,0.617,0.836,0.6724
Zombie Training Simulator,action,mid_price,very_positive,531,90.6,0.609,0.585,0.848,0.672
Grey Cubes,action,budget,very_positive,423,89.8,0.587,0.617,0.835,0.6719
UBERMOSH Vol.5,action,budget,very_positive,213,95.8,0.587,0.617,0.833,0.6715
Project Nightmares Case 36: Henrietta Kedward,gore,mid_price,mostly_positive,74,82.4,0.635,0.631,0.761,0.6715
Ys VI: The Ark of Napishtim,action,mid_price,very_positive,465,92.0,0.609,0.579,0.852,0.6712
CHAOS CODE -NEW SIGN OF CATASTROPHE-,g_2d_fighter,mid_price,mostly_positive,68,82.4,0.635,0.631,0.76,0.6712
Prison Run and Gun,action,budget,very_positive,315,91.4,0.587,0.617,0.832,0.671
Pummel Party,action,mid_price,mostly_positive,1674,81.7,0.609,0.617,0.806,0.6708
Shadow Man,action,budget,very_positive,464,88.1,0.587,0.62,0.828,0.6708
The Original Strife: Veteran Edition,action,budget,very_positive,357,92.2,0.587,0.608,0.841,0.6707
The Baconing,rpg,budget,mostly_positive,186,80.1,0.645,0.613,0.767,0.6705
Dungreed,action,budget,very_positive,2409,87.3,0.531,0.648,0.859,0.6704
Tom Clancy's Rainbow Six® 3 Gold,tactical,budget,very_positive,882,92.0,0.582,0.583,0.875,0.6704
D.R.O.N.E. The Game,action,mid_price,very_positive,178,90.4,0.609,0.617,0.804,0.6703
Undead Horde,action,mid_price,very_positive,132,93.9,0.609,0.617,0.805,0.6703
Lost Castle,action,budget,very_positive,13322,89.6,0.531,0.619,0.892,0.6702
Unreal Gold,classic,budget,very_positive,1360,90.3,0.582,0.583,0.874,0.6701
TAPSONIC BOLD,rhythm,mid_price,mostly_positive,424,76.4,0.635,0.631,0.756,0.6701
Flat Heroes,action,budget,very_positive,310,91.0,0.587,0.617,0.829,0.6701
Asura: Vengeance Expansion,action,budget,very_positive,506,87.7,0.587,0.617,0.828,0.67
Ellipsis,action,budget,very_positive,173,97.1,0.587,0.617,0.828,0.6698
BYTEPATH,action,budget,very_positive,153,98.7,0.587,0.617,0.827,0.6696
QuiVr,action,mid_price,very_positive,449,92.2,0.609,0.575,0.851,0.6695
HordeZ,action,mid_price,mostly_positive,384,84.6,0.609,0.617,0.802,0.6695
Meltdown,action,budget,very_positive,742,85.8,0.587,0.617,0.826,0.6693
Fruit Ninja VR,action,mid_price,very_positive,525,85.3,0.609,0.606,0.814,0.6692
Let Them Come,action,budget,very_positive,377,87.8,0.587,0.623,0.819,0.6692
Flywrench,action,budget,very_positive,184,95.7,0.587,0.617,0.826,0.6692
Azure Striker Gunvolt,action,mid_price,very_positive,865,86.9,0.609,0.585,0.837,0.6689
Blood: One Unit Whole Blood,fps,budget,very_positive,1135,90.3,0.582,0.583,0.87,0.6688
Toy Soldiers: Complete,tower_defense,mid_price,mostly_positive,669,75.5,0.635,0.631,0.752,0.6688
Super Cloudbuilt,action,mid_price,very_positive,174,89.1,0.609,0.617,0.799,0.6685
Sayonara Umihara Kawase,action,mid_price,very_positive,104,95.2,0.609,0.617,0.798,0.6684
Voodoo Vince: Remastered,action,mid_price,very_positive,212,94.3,0.609,0.592,0.827,0.6683
Disney Universe,family_friendly,mid_price,mostly_positive,94,76.6,0.635,0.631,0.75,0.6683
High Hell,action,budget,very_positive,538,86.4,0.587,0.617,0.822,0.668
POSTAL,action,budget,mostly_positive,2821,82.2,0.587,0.623,0.815,0.6678
It Lurks Below,action,mid_price,very_positive,522,89.5,0.609,0.579,0.84,0.6678
Super Daryl Deluxe,action,mid_price,very_positive,188,87.8,0.609,0.617,0.796,0.6678
Orbital Gear,action,budget,mostly_positive,1786,83.3,0.587,0.617,0.82,0.6677
Devil May Cry HD Collection,action,mid_price,very_positive,1428,85.2,0.609,0.585,0.834,0.6677
Ys I & II Chronicles+,jrpg,budget,very_positive,1218,88.9,0.582,0.588,0.861,0.6677
Lovers of Aether,horror,free,overwhelmingly_positive,680,95.7,0.571,0.572,0.892,0.6677
The Apogee Throwback Pack,action,budget,very_positive,218,90.8,0.587,0.623,0.814,0.6676
Deathmatch Classic,action,budget,mostly_positive,1540,82.7,0.587,0.623,0.813,0.6675
Wand Wars,action,budget,very_positive,158,94.3,0.587,0.623,0.813,0.6675
Suicide Guy,action,budget,mostly_positive,588,84.7,0.587,0.623,0.813,0.6672
Heretic: Shadow of the Serpent Riders,classic,budget,very_positive,446,93.5,0.582,0.588,0.859,0.6671
Blazing Beaks,action,mid_price,very_positive,105,93.3,0.609,0.617,0.794,0.6671
Hyper Jam,action,mid_price,very_positive,104,93.3,0.609,0.617,0.793,0.667
Tormentor❌Punisher,action,budget,very_positive,329,88.4,0.587,0.617,0.818,0.6669
Zwei: The Ilvard Insurrection,action,mid_price,very_positive,200,97.5,0.609,0.579,0.837,0.6669
Shank 2,action,budget,mostly_positive,2080,82.1,0.587,0.623,0.811,0.6668
The Disney Afternoon Collection,action,mid_price,very_positive,269,92.6,0.609,0.585,0.83,0.6668
Zombo Buster Rising,action,budget,very_positive,229,91.3,0.587,0.617,0.818,0.6668
Tallowmere,action,budget,very_positive,623,93.3,0.531,0.626,0.872,0.6667
Intrusion 2,action,budget,mostly_positive,1177,83.5,0.587,0.617,0.817,0.6666
Wrongworld,action,mid_price,very_positive,179,95.0,0.609,0.592,0.822,0.6666
Airtone,action,mid_price,very_positive,162,96.3,0.609,0.592,0.822,0.6666
Grand Theft Auto III,open_world,budget,very_positive,5468,86.3,0.582,0.588,0.857,0.6665
Unknightly,action,mid_price,very_positive,123,90.2,0.609,0.617,0.791,0.6662
Duck Season,action,mid_price,very_positive,531,85.9,0.609,0.593,0.818,0.6661
UBERMOSH:BLACK,action,budget,very_positive,226,90.7,0.587,0.617,0.815,0.6659
Champions of Breakfast,action,budget,very_positive,112,100.0,0.587,0.617,0.814,0.6658
Critical Annihilation,action,budget,very_positive,194,91.8,0.587,0.617,0.813,0.6654
Spermination,action,budget,very_positive,407,86.2,0.587,0.617,0.813,0.6653
Blade Arcus from Shining: Battle Arena,action,mid_price,mostly_positive,139,81.3,0.609,0.635,0.767,0.6653
Dead Pixels,zombies,budget,very_positive,2314,86.6,0.582,0.588,0.853,0.6652
Maelstrom,action,mid_price,very_positive,747,85.7,0.609,0.585,0.825,0.6651
Hell Yeah! Wrath of the Dead Rabbit,platformer,budget,very_positive,3146,86.2,0.582,0.588,0.852,0.665
Contractors,action,mid_price,very_positive,625,86.2,0.609,0.585,0.824,0.665
Synth Riders,action,mid_price,very_positive,63,98.4,0.609,0.617,0.787,0.6649
Dynamite Jack,action,budget,very_positive,401,86.0,0.587,0.617,0.811,0.6648
Stardust Galaxy Warriors: Stellar Climax,action,budget,very_positive,146,94.5,0.587,0.617,0.811,0.6647
The Weaponographist,rpg,budget,mostly_positive,74,75.7,0.645,0.613,0.747,0.6647
The Broken Seal,action,mid_price,very_positive,106,89.6,0.609,0.617,0.785,0.6643
Blockstorm,action,budget,mostly_positive,6661,80.5,0.587,0.623,0.803,0.6642
Out of Ammo,action,mid_price,mostly_positive,609,84.9,0.609,0.591,0.815,0.6642
Descent,classic,budget,very_positive,273,96.3,0.582,0.588,0.849,0.6642
Vertigo,action,mid_price,mostly_positive,212,84.0,0.609,0.617,0.784,0.6642
Octogeddon,action,mid_price,very_positive,175,85.1,0.609,0.617,0.784,0.6642
Crysis 2 - Maximum Edition,action,mid_price,mostly_positive,8156,82.4,0.609,0.585,0.822,0.6641
Aliens versus Predator Classic 2000,fps,budget,very_positive,1653,86.8,0.582,0.588,0.849,0.6641
Penumbra: Black Plague Gold Edition,horror,free,very_positive,1475,94.6,0.571,0.544,0.912,0.664
Tempest of the Heavens and Earth,action,mid_price,very_positive,109,89.0,0.609,0.617,0.784,0.664
Soda Girls,action,budget,very_positive,249,88.4,0.587,0.617,0.808,0.6639
INVERSUS Deluxe,action,mid_price,very_positive,158,94.3,0.609,0.591,0.813,0.6638
The Madness of Little Emma,indie,budget,mostly_positive,131,81.7,0.6,0.639,0.767,0.6636
Battlezone 98 Redux,strategy,mid_price,very_positive,569,90.5,0.557,0.61,0.85,0.6634
Bullet Heaven 2,bullet_hell,budget,very_positive,237,97.5,0.582,0.588,0.846,0.6634
Space Channel 5: Part 2,rhythm,budget,very_positive,776,88.5,0.582,0.588,0.846,0.6633
RFLEX,action,budget,very_positive,166,91.6,0.587,0.617,0.806,0.6633
Atomik: RunGunJumpGun,action,budget,very_positive,196,89.8,0.587,0.617,0.806,0.6632
Spooky Cats,action,budget,very_positive,339,85.8,0.587,0.617,0.805,0.6631
Sky Noon,action,mid_price,mostly_positive,231,82.7,0.609,0.617,0.781,0.6631
Shadow Blade: Reload,action,budget,very_positive,261,87.4,0.587,0.617,0.805,0.663
City of Brass,action,mid_price,mostly_positive,329,81.2,0.609,0.617,0.78,0.6629
Overload Playable Teaser 3.0,action,free,very_positive,634,94.6,0.571,0.567,0.882,0.6628
VINDICTA,fps,mid_price,mostly_positive,82,76.8,0.635,0.616,0.75,0.6628
Ricochet,action,budget,mostly_positive,3442,80.1,0.587,0.623,0.797,0.6625
GIGA WRECKER,action,mid_price,mostly_positive,457,84.9,0.609,0.592,0.808,0.6625
Skylar & Plux: Adventure On Clover Island,action,mid_price,very_positive,311,86.8,0.609,0.592,0.808,0.6625
Resident Evil 7 / Biohazard 7 Teaser: Beginning Hour,horror,free,very_positive,3907,87.6,0.666,0.483,0.867,0.6623
MOTHERGUNSHIP,action,mid_price,mostly_positive,463,79.9,0.609,0.617,0.778,0.6623
KILL THE EMOJI 😱,action,budget,mostly_positive,411,84.4,0.587,0.617,0.802,0.6622
Square Heroes,action,budget,very_positive,244,87.3,0.587,0.617,0.802,0.6622
Sparc,action,mid_price,very_positive,227,85.0,0.609,0.606,0.79,0.6622
The Walking Vegetables,action,budget,very_positive,122,94.3,0.587,0.617,0.802,0.6622
Blades of Time,action,budget,mostly_positive,1696,80.4,0.587,0.623,0.795,0.6619
Assault Spy / アサルトスパイ,action,mid_price,mostly_positive,126,84.9,0.609,0.617,0.776,0.6617
MarisaLand Legacy,action,mid_price,very_positive,68,91.2,0.609,0.617,0.776,0.6617
Dustoff Heli Rescue,action,budget,mostly_positive,343,84.8,0.587,0.617,0.8,0.6616
Gloom,action,budget,very_positive,323,85.1,0.587,0.617,0.8,0.6616
REVOLVER360 RE:ACTOR,shoot_em_up,budget,very_positive,273,94.5,0.582,0.588,0.84,0.6616
Knightmare Tower,action,budget,very_positive,416,93.3,0.531,0.626,0.854,0.6614
Guns'n'Stories: Bulletproof VR,action,mid_price,very_positive,214,90.7,0.609,0.585,0.812,0.6614
BallisticNG,racing,budget,very_positive,1259,90.7,0.542,0.597,0.876,0.6613
I Am The Hero,action,budget,mostly_positive,510,83.1,0.587,0.617,0.799,0.6613
God's Trigger,action,mid_price,mostly_positive,119,84.9,0.609,0.617,0.775,0.6613
Chicken Invaders 2,action,budget,very_positive,101,96.0,0.587,0.617,0.799,0.6613
Hidden Dragon: Legend,action,mid_price,very_positive,70,90.0,0.609,0.617,0.774,0.6613
"It came from space, and ate our brains",action,budget,mostly_positive,432,83.6,0.587,0.617,0.799,0.6611
Gunheart,action,mid_price,mostly_positive,249,80.7,0.609,0.617,0.773,0.6609
Hitman 2: Silent Assassin,stealth,budget,very_positive,1774,85.3,0.582,0.588,0.838,0.6608
Angels Fall First,action,mid_price,mostly_positive,1898,82.0,0.609,0.585,0.81,0.6607
Battle Group 2,action,budget,mostly_positive,422,83.4,0.587,0.617,0.797,0.6607
Jet Set Radio,classic,budget,mostly_positive,4029,84.3,0.582,0.588,0.837,0.6605
Chicken Invaders 3,action,budget,very_positive,125,92.0,0.587,0.617,0.797,0.6605
CropDuster Supreme,action,budget,very_positive,115,93.0,0.587,0.617,0.796,0.6605
Drunkn Bar Fight,action,mid_price,mostly_positive,363,79.3,0.609,0.617,0.772,0.6604
Semblance,action,budget,very_positive,104,94.2,0.587,0.617,0.796,0.6603
Dino D-Day,dinosaurs,budget,mostly_positive,14589,83.8,0.582,0.588,0.836,0.6602
Absolute Drift,racing,budget,very_positive,1898,88.1,0.542,0.605,0.863,0.6602
Bombernauts,action,budget,very_positive,123,91.9,0.587,0.617,0.796,0.6602
THOTH,action,budget,very_positive,269,85.1,0.587,0.617,0.795,0.6601
PAKO 2,action,budget,very_positive,175,94.3,0.587,0.598,0.818,0.6601
Airmen,action,mid_price,very_positive,90,85.6,0.609,0.617,0.771,0.6601
Aim Hero,fps,budget,very_positive,3054,85.0,0.582,0.583,0.841,0.66
Furious Angels,action,budget,very_positive,229,86.0,0.587,0.617,0.795,0.66
Shootout on Cash Island,action,budget,very_positive,161,88.8,0.587,0.617,0.795,0.66
Tom Clancy's Splinter Cell®,stealth,budget,very_positive,1047,86.0,0.582,0.588,0.834,0.6597
Final DOOM,fps,budget,very_positive,655,87.5,0.582,0.588,0.834,0.6597
The Wizards - Enhanced Edition,action,mid_price,very_positive,213,87.3,0.609,0.592,0.798,0.6596
Trapper's Delight,action,budget,very_positive,135,92.6,0.587,0.611,0.801,0.6596
Tinertia,action,budget,very_positive,90,95.6,0.587,0.617,0.794,0.6596
Shadowgrounds,action,budget,mostly_positive,1221,79.7,0.587,0.623,0.787,0.6595
Raiden IV: OverKill,action,mid_price,very_positive,367,85.6,0.609,0.585,0.806,0.6594
Shovel Knight: Specter of Torment,action,budget,very_positive,132,90.2,0.587,0.617,0.793,0.6594
Masters of Anima,action,mid_price,very_positive,134,91.8,0.609,0.591,0.798,0.6593
Riptale,action,budget,very_positive,97,93.8,0.587,0.617,0.792,0.6592
Deathstate: Abyssal Edition,action,budget,mostly_positive,298,83.9,0.587,0.617,0.792,0.6591
Call of Duty: United Offensive,action,mid_price,mostly_positive,587,83.5,0.609,0.585,0.804,0.659
Toadled,action,budget,mostly_positive,307,83.7,0.587,0.617,0.792,0.659
Necrosphere,action,budget,very_positive,115,91.3,0.587,0.617,0.792,0.659
Droid Assault,action,budget,mostly_positive,330,83.3,0.587,0.617,0.791,0.6589
The Mean Greens - Plastic Warfare,action,budget,mostly_positive,6413,78.6,0.587,0.623,0.785,0.6588
SharpShooter3D,violent,budget,very_positive,519,88.1,0.582,0.588,0.831,0.6588
A-Tech Cybernetic VR,action,mid_price,very_positive,263,87.1,0.609,0.585,0.804,0.6588
Dungeon Nightmares II : The Memory,horror,budget,mostly_positive,210,81.0,0.666,0.554,0.772,0.6587
Tomb Raider - The Final Hours Digital Book,action,budget,very_positive,105,89.5,0.587,0.623,0.784,0.6587
MEANDERS,parkour,budget,very_positive,239,93.7,0.582,0.588,0.83,0.6586
Ys: Memories of Celceta,action,mid_price,very_positive,159,93.1,0.609,0.579,0.809,0.6586
Hard Reset Redux,action,mid_price,mostly_positive,953,81.0,0.609,0.592,0.795,0.6585
Shadow Bug,action,budget,very_positive,83,95.2,0.587,0.617,0.79,0.6585
GRIP: Combat Racing,racing,mid_price,very_positive,1695,89.6,0.551,0.581,0.873,0.6584
Duke Nukem 3D: 20th Anniversary World Tour,action,mid_price,mostly_positive,983,82.0,0.609,0.585,0.802,0.6584
Super Galaxy Squadron EX Turbo,action,budget,mostly_positive,235,84.7,0.587,0.617,0.79,0.6584
Blasters of the Universe,action,mid_price,very_positive,178,89.9,0.609,0.585,0.802,0.6584
Reflex Arena,arena_shooter,budget,mostly_positive,1445,84.7,0.582,0.588,0.83,0.6583
Slasher's Keep,action,mid_price,very_positive,178,91.6,0.609,0.579,0.809,0.6583
Dynasty Feud,action,mid_price,very_positive,63,85.7,0.609,0.617,0.765,0.6583
Far Cry®,fps,budget,mostly_positive,3708,83.6,0.582,0.588,0.829,0.6582
Dead Effect 2 VR,action,mid_price,mostly_positive,797,83.2,0.609,0.579,0.808,0.6582
Easy Red,action,budget,mostly_positive,645,80.0,0.587,0.623,0.783,0.6582
Mega Man Legacy Collection 2 / ロックマン クラシックス コレクション 2,action,mid_price,mostly_positive,434,84.1,0.609,0.585,0.802,0.6582
XenoRaptor,action,budget,very_positive,123,89.4,0.587,0.617,0.789,0.6581
Gladius | Gladiator VR Sword fighting,action,mid_price,mostly_positive,163,79.8,0.609,0.617,0.764,0.658
SACRALITH : The Archer`s Tale,action,mid_price,very_positive,98,93.9,0.609,0.592,0.793,0.658
Major Mayhem,action,budget,mostly_positive,259,83.8,0.587,0.617,0.788,0.6579
Fighties,action,budget,mostly_positive,259,83.8,0.587,0.617,0.788,0.6579
Caster,action,budget,mostly_positive,4145,79.1,0.587,0.617,0.788,0.6578
Gunjitsu,action,budget,mostly_positive,903,80.2,0.587,0.617,0.788,0.6578
Elven Assassin,action,mid_price,very_positive,292,88.0,0.609,0.575,0.812,0.6577
Starcom: Nexus,action,mid_price,very_positive,142,93.7,0.609,0.579,0.807,0.6577
Super Blue Fighter,indie,free,mostly_positive,107,75.7,0.649,0.589,0.748,0.6575
Splody,action,budget,very_positive,63,98.4,0.587,0.617,0.787,0.6575
Mass Exodus,action,mid_price,mostly_positive,180,78.9,0.609,0.617,0.762,0.6574
HYPERCHARGE: Unboxed,action,mid_price,very_positive,156,87.8,0.609,0.592,0.791,0.6573
Psycho Starship Rampage,action,budget,very_positive,113,89.4,0.587,0.617,0.786,0.6573
Thief: Deadly Shadows,stealth,budget,mostly_positive,1345,84.4,0.582,0.588,0.826,0.6572
Just In Time Incorporated,action,mid_price,mostly_positive,112,80.4,0.609,0.617,0.761,0.6572
Klang,action,mid_price,mostly_positive,99,80.8,0.609,0.617,0.761,0.6572
Time Rifters,action,budget,very_positive,307,88.3,0.531,0.648,0.815,0.6571
Robbie Swifthand and the Orb of Mysteries,action,budget,very_positive,64,93.8,0.587,0.623,0.779,0.6571
Mega Man Legacy Collection / ロックマン クラシックス コレクション,action,mid_price,mostly_positive,1979,80.6,0.609,0.585,0.798,0.657
Blacksea Odyssey,action,budget,mostly_positive,179,84.9,0.587,0.617,0.784,0.6567
State of Anarchy: Master of Mayhem,action,budget,mostly_positive,275,82.5,0.587,0.617,0.784,0.6566
Run or Die,action,budget,very_positive,123,87.8,0.587,0.617,0.784,0.6566
TY the Tasmanian Tiger 3,action,mid_price,very_positive,65,98.5,0.609,0.592,0.788,0.6565
Lupinball,action,budget,very_positive,53,100.0,0.587,0.617,0.783,0.6565
The Light Keeps Us Safe,action,mid_price,mostly_positive,66,81.8,0.609,0.617,0.758,0.6564
Fortified,action,mid_price,mostly_positive,1296,76.1,0.609,0.617,0.758,0.6563
What The Box?,action,budget,mostly_positive,672,79.9,0.587,0.617,0.782,0.6562
LEGO® Pirates of the Caribbean: The Video Game,action,mid_price,mostly_positive,537,81.0,0.609,0.592,0.787,0.6562
Capcom Beat 'Em Up Bundle / カプコン ベルトアクション コレクション,action,mid_price,very_positive,229,86.0,0.609,0.585,0.795,0.6561
Blue Effect VR,action,mid_price,mostly_positive,122,78.7,0.609,0.617,0.757,0.6561
inVokeR,action,mid_price,mostly_positive,56,82.1,0.609,0.617,0.757,0.6561
Rigid Force Alpha,action,mid_price,mostly_positive,52,82.7,0.609,0.617,0.757,0.6561
Raptor: Call of the Shadows (1994 Classic Edition),action,budget,very_positive,80,88.8,0.587,0.623,0.775,0.656
Okhlos: Omega,action,budget,mostly_positive,662,79.8,0.587,0.617,0.781,0.6559
Die Young,survival,mid_price,mostly_positive,534,81.1,0.678,0.521,0.787,0.6559
Wild Guns Reloaded,action,mid_price,very_positive,154,89.0,0.609,0.585,0.794,0.6559
Shaq Fu: A Legend Reborn,action,mid_price,mostly_positive,80,80.0,0.609,0.617,0.757,0.6559
QbQbQb,action,budget,very_positive,99,88.9,0.587,0.617,0.781,0.6558
I Can't Escape: Darkness,horror,budget,very_positive,55,85.5,0.666,0.554,0.762,0.6558
The Initial,action,budget,mostly_positive,1801,77.8,0.587,0.623,0.774,0.6556
My Night Job,action,budget,very_positive,71,93.0,0.587,0.617,0.78,0.6556
OK K.O.! Let’s Play Heroes,action,mid_price,very_positive,60,98.3,0.609,0.592,0.785,0.6556
Zero Caliber VR,action,mid_price,mostly_positive,576,76.0,0.609,0.617,0.755,0.6555
Miracle Fly,action,budget,very_positive,84,90.5,0.587,0.617,0.78,0.6555
Amaranthine,action,budget,very_positive,75,92.0,0.587,0.617,0.78,0.6555
Red Game Without A Great Name,action,budget,very_positive,61,95.1,0.587,0.617,0.78,0.6555
Hard Reset Extended Edition,fps,budget,mostly_positive,3881,83.1,0.582,0.583,0.825,0.6553
Zenzizenzic,action,budget,very_positive,77,90.9,0.587,0.617,0.779,0.6551
Snowball!,action,budget,very_positive,77,90.9,0.587,0.617,0.779,0.6551
Molemen Must Die!,action,budget,very_positive,50,98.0,0.587,0.617,0.779,0.6551
Hitman: Contracts,stealth,budget,mostly_positive,1195,83.7,0.582,0.588,0.818,0.655
ESCHATOS,action,mid_price,very_positive,85,95.3,0.609,0.585,0.791,0.655
Cookies vs. Claus,action,budget,very_positive,107,86.9,0.587,0.617,0.778,0.6548
JUJU,action,mid_price,very_positive,74,93.2,0.609,0.592,0.782,0.6548
Time Carnage VR,action,mid_price,mostly_positive,50,80.0,0.609,0.617,0.753,0.6548
GRIDD: Retroenhanced,action,budget,very_positive,57,94.7,0.587,0.617,0.777,0.6547
BLEAK: Welcome to Glimmer,action,budget,very_positive,56,94.6,0.587,0.617,0.777,0.6546
The Cat Lady,horror,budget,very_positive,3692,93.3,0.575,0.507,0.919,0.6545
Tiny Troopers,action,budget,mostly_positive,902,79.7,0.587,0.611,0.784,0.6545
Final Directive,action,budget,very_positive,78,89.7,0.587,0.617,0.777,0.6545
Pool Panic,action,mid_price,very_positive,59,86.4,0.609,0.606,0.765,0.6545
DeathSpank: Thongs of Virtue,action,budget,very_positive,143,87.4,0.587,0.608,0.787,0.6544
The Pit: Infinity,action,mid_price,mostly_positive,60,78.3,0.609,0.617,0.752,0.6544
A Legend of Luca,action,mid_price,mostly_positive,194,83.5,0.609,0.592,0.78,0.6543
Ember Kaboom,action,budget,very_positive,112,85.7,0.587,0.617,0.776,0.6542
David.,action,budget,mostly_positive,726,78.8,0.587,0.617,0.775,0.6541
RICO,action,mid_price,mostly_positive,219,75.8,0.609,0.617,0.751,0.6541
Steel Rain,action,budget,very_positive,89,87.6,0.587,0.617,0.775,0.6541
Redout: Enhanced Edition,racing,mid_price,very_positive,2915,87.3,0.551,0.579,0.861,0.654
NARUTO SHIPPUDEN: Ultimate Ninja STORM 2,action,mid_price,mostly_positive,401,80.5,0.609,0.592,0.78,0.654
JASEM: Just Another Shooter with Electronic Music,action,budget,very_positive,93,87.1,0.587,0.617,0.775,0.654
To Hell with Hell,action,mid_price,mostly_positive,50,78.0,0.609,0.617,0.75,0.654
Zero Reflex : Black Eye Edition,action,budget,mostly_positive,216,81.5,0.587,0.617,0.774,0.6538
Joint Operations: Combined Arms Gold,action,mid_price,very_positive,138,87.7,0.609,0.585,0.787,0.6536
Nelo,action,mid_price,mostly_positive,84,76.2,0.609,0.617,0.749,0.6536
Five Nights at Freddy's 4,horror,budget,very_positive,6855,92.6,0.575,0.505,0.918,0.6535
Call of Juarez®: Bound in Blood,western,budget,mostly_positive,1353,82.9,0.582,0.588,0.813,0.6535
Luckslinger,action,budget,very_positive,108,85.2,0.587,0.617,0.773,0.6535
Coffee Crisis,action,budget,very_positive,90,86.7,0.587,0.617,0.773,0.6535
ReX,action,budget,very_positive,55,92.7,0.587,0.617,0.773,0.6535
Capsized,action,budget,mostly_positive,935,77.3,0.587,0.623,0.766,0.6534
Risky Rescue,action,budget,mostly_positive,310,80.0,0.587,0.617,0.773,0.6534
Daedalus - No Escape,action,budget,mostly_positive,116,84.5,0.587,0.617,0.773,0.6534
SINNER: Sacrifice for Redemption,action,mid_price,mostly_positive,189,75.1,0.609,0.617,0.748,0.6532
Zwei: The Arges Adventure,action,mid_price,very_positive,119,90.8,0.609,0.579,0.791,0.6531
The King's Bird,action,mid_price,very_positive,116,88.8,0.609,0.585,0.785,0.6531
Disney G-Force,action,mid_price,very_positive,102,90.2,0.609,0.585,0.785,0.6531
Demons with Shotguns,action,budget,very_positive,53,92.5,0.587,0.617,0.772,0.6531
Twisted Arrow,action,mid_price,very_positive,82,89.0,0.609,0.592,0.776,0.653
WOLFLAME,action,budget,very_positive,51,88.2,0.587,0.623,0.765,0.653
Eradicator,action,budget,very_positive,51,88.2,0.587,0.623,0.765,0.653
Zombie Riot,action,mid_price,mostly_positive,57,75.4,0.609,0.617,0.747,0.6529
Conduct DELUXE!,action,budget,very_positive,60,90.0,0.587,0.617,0.771,0.6528
Scoregasm,action,budget,mostly_positive,129,82.9,0.587,0.617,0.771,0.6527
Garrison: Archangel,action,mid_price,very_positive,104,89.4,0.609,0.585,0.784,0.6527
Rocket Fist,action,budget,very_positive,68,88.2,0.587,0.617,0.771,0.6527
Space Fist,action,mid_price,mostly_positive,52,75.0,0.609,0.617,0.746,0.6527
Tabletop Gods,action,mid_price,very_positive,51,96.1,0.609,0.591,0.776,0.6527
Radium,action,budget,mostly_positive,146,82.2,0.587,0.617,0.77,0.6526
Tacopocalypse,action,budget,very_positive,59,89.8,0.587,0.617,0.77,0.6526
Switchcars,racing,budget,very_positive,358,93.9,0.542,0.594,0.85,0.6525
Rex: Another Island,action,budget,very_positive,50,92.0,0.587,0.617,0.77,0.6525
BQM - BlockQuest Maker-,action,budget,mostly_positive,127,82.7,0.587,0.617,0.769,0.6523
The Collider,racing,budget,very_positive,942,86.5,0.542,0.605,0.836,0.6522
Roll'd,action,budget,mostly_positive,226,80.1,0.587,0.617,0.769,0.6522
Ancient Warfare 3,action,budget,mostly_positive,190,82.6,0.587,0.611,0.777,0.6522
BANG! BANG! Totally Accurate Redneck Simulator,action,budget,very_positive,70,87.1,0.587,0.617,0.769,0.6522
POLYBIUS,action,mid_price,very_positive,64,95.3,0.609,0.585,0.782,0.6522
Gurgamoth,action,budget,very_positive,78,85.9,0.587,0.617,0.769,0.6521
Anode,action,budget,very_positive,65,87.7,0.587,0.617,0.769,0.6521
Alien Arena: Warriors Of Mars,action,budget,very_positive,65,87.7,0.587,0.617,0.769,0.6521
Island 359™,action,mid_price,mostly_positive,376,79.5,0.609,0.592,0.773,0.652
The LEGO® NINJAGO® Movie Video Game,action,mid_price,mostly_positive,237,82.7,0.609,0.585,0.781,0.652
The Wall,action,budget,mostly_positive,189,78.8,0.587,0.623,0.762,0.652
Pixel Ripped 1989,action,mid_price,very_positive,63,90.5,0.609,0.592,0.773,0.652
GET EVEN,action,mid_price,mostly_positive,761,79.5,0.609,0.585,0.781,0.6519
Secret Agent,action,budget,very_positive,50,86.0,0.587,0.623,0.762,0.6519
Earn to Die 2,action,budget,very_positive,339,89.7,0.531,0.624,0.826,0.6518
She Wants Me Dead,action,budget,mostly_positive,83,81.9,0.587,0.623,0.761,0.6518
R-Type Dimensions EX,action,mid_price,very_positive,80,91.2,0.609,0.585,0.78,0.6518
BAAM SQUAD,action,mid_price,very_positive,66,93.9,0.609,0.585,0.78,0.6517
SHOWTIME 2073,action,budget,mostly_positive,260,79.2,0.587,0.617,0.767,0.6516
Skyhook,action,budget,very_positive,71,85.9,0.587,0.617,0.767,0.6516
BlazeRush,racing,budget,very_positive,1062,87.1,0.542,0.597,0.843,0.6515
Streets of Red : Devil's Dare Deluxe,action,budget,mostly_positive,109,82.6,0.587,0.617,0.767,0.6515
Snow Fall,action,budget,very_positive,62,87.1,0.587,0.617,0.767,0.6515
Virtual Fighting Championship (VFC),action,mid_price,mostly_positive,61,80.3,0.609,0.606,0.755,0.6515
Galagan's Island: Reprymian Rising,action,budget,very_positive,70,85.7,0.587,0.617,0.766,0.6514
SPINGUN,action,budget,very_positive,70,85.7,0.587,0.617,0.766,0.6514
OBEY,strategy,mid_price,very_positive,301,87.4,0.557,0.61,0.81,0.6513
Astrox Imperium,action,mid_price,mostly_positive,103,84.5,0.609,0.592,0.771,0.6513
Duke of Alpha Centauri,action,budget,mostly_positive,299,78.6,0.587,0.617,0.766,0.6512
TRON RUN/r,action,mid_price,mostly_positive,289,80.6,0.609,0.587,0.775,0.6512
Gunman Taco Truck,action,budget,mostly_positive,120,81.7,0.587,0.617,0.766,0.6512
Shooty Fruity,action,mid_price,very_positive,88,94.3,0.609,0.575,0.79,0.6512
The Expendabros,free_to_play,free,overwhelmingly_positive,15509,97.3,0.514,0.516,0.968,0.6511
Umineko: Golden Fantasia,action,mid_price,very_positive,130,85.4,0.609,0.585,0.778,0.6511
Space Invaders Extreme,action,mid_price,very_positive,76,90.8,0.609,0.585,0.778,0.6511
ELDERBORN,action,mid_price,very_positive,58,94.8,0.609,0.585,0.778,0.6511
2 Ninjas 1 Cup,action,budget,mostly_positive,119,81.5,0.587,0.617,0.765,0.651
Sprint Vector,racing,mid_price,very_positive,469,88.3,0.551,0.598,0.829,0.6509
The Mummy Demastered,action,mid_price,mostly_positive,222,80.2,0.609,0.592,0.769,0.6509
TOKYO WARFARE,action,mid_price,mostly_positive,267,81.3,0.609,0.585,0.777,0.6507
Gas Guzzlers Extreme,racing,mid_price,very_positive,2926,85.8,0.551,0.581,0.848,0.6506
BlackSmith HIT,action,budget,mostly_positive,404,77.7,0.587,0.617,0.764,0.6506
Steampunk Tower 2,action,budget,mostly_positive,174,81.6,0.587,0.611,0.771,0.6506
NeonXSZ,action,budget,mostly_positive,91,82.4,0.587,0.617,0.764,0.6506
Disney Infinity 2.0: Gold Edition,action,mid_price,very_positive,56,89.3,0.609,0.592,0.768,0.6506
Taimumari,action,budget,mostly_positive,175,79.4,0.587,0.617,0.763,0.6505
Windlands 2,action,mid_price,very_positive,81,85.2,0.609,0.592,0.768,0.6505
Death to Spies: Moment of Truth,stealth,budget,very_positive,302,86.1,0.582,0.588,0.803,0.6504
Jelly Killer,action,budget,mostly_positive,183,79.2,0.587,0.617,0.763,0.6504
Swords and Soldiers 2 Shawarmageddon,action,mid_price,very_positive,78,85.9,0.609,0.591,0.769,0.6504
GIGANTIC ARMY,action,budget,mostly_positive,301,76.7,0.587,0.623,0.756,0.6503
A-Gents,action,budget,mostly_positive,119,80.7,0.587,0.617,0.763,0.6503
Robot Heroes,action,budget,very_positive,56,85.7,0.587,0.617,0.763,0.6503
Voxel Turf,action,budget,very_positive,315,85.1,0.587,0.585,0.799,0.6502
Death Goat,action,budget,mostly_positive,308,77.9,0.587,0.617,0.762,0.6502
Square Brawl,action,budget,mostly_positive,117,80.3,0.587,0.617,0.761,0.65
Shield Impact,action,budget,very_positive,50,86.0,0.587,0.617,0.762,0.65
Redie,action,budget,mostly_positive,100,81.0,0.587,0.617,0.761,0.6499
Battlesloths 2025: The Great Pizza Wars,action,budget,mostly_positive,62,83.9,0.587,0.617,0.761,0.6499
Boss 101,action,mid_price,very_positive,52,88.5,0.609,0.592,0.766,0.6499
Groove Coaster,action,mid_price,mostly_positive,715,78.6,0.609,0.585,0.774,0.6498
A Bloody Night,action,budget,mostly_positive,76,78.9,0.587,0.623,0.754,0.6497
Drive to Hell,action,budget,mostly_positive,57,84.2,0.587,0.617,0.761,0.6497
Not Dying Today,action,budget,mostly_positive,160,78.8,0.587,0.617,0.76,0.6495
Dog Sled Saga,racing,budget,very_positive,325,91.7,0.542,0.599,0.834,0.6494
Strain Tactics,action,mid_price,mostly_positive,124,81.5,0.609,0.591,0.765,0.6494
Rex Rocket,action,budget,mostly_positive,217,77.9,0.587,0.617,0.759,0.6493
Thief Town,action,budget,mostly_positive,155,78.7,0.587,0.617,0.759,0.6493
iBomber Attack,action,budget,mostly_positive,142,78.9,0.587,0.617,0.759,0.6493
Demon Hearts,action,budget,mostly_positive,58,82.8,0.587,0.617,0.759,0.6491
Crystal Caves,action,budget,mostly_positive,57,78.9,0.587,0.623,0.752,0.6491
The Deletion,action,budget,mostly_positive,186,78.0,0.587,0.617,0.758,0.649
Redeemer,action,mid_price,mostly_positive,609,78.3,0.609,0.585,0.771,0.6489
Aftercharge,action,mid_price,mostly_positive,160,81.9,0.609,0.585,0.771,0.6489
Western 1849 Reloaded,action,budget,mostly_positive,111,79.3,0.587,0.617,0.758,0.6489
Venusian Vengeance,action,budget,mostly_positive,53,83.0,0.587,0.617,0.758,0.6489
Lugaru HD,action,budget,mostly_positive,419,76.6,0.587,0.617,0.757,0.6487
Skautfold: Shrouded in Sanity,souls_like,budget,very_positive,290,85.2,0.582,0.588,0.798,0.6487
Antihorror,action,budget,mostly_positive,126,78.6,0.587,0.617,0.757,0.6487
Ninja Senki DX,action,budget,mostly_positive,52,82.7,0.587,0.617,0.757,0.6487
Juicy Realm,action,budget,mostly_positive,648,76.2,0.587,0.617,0.757,0.6486
NAM,action,budget,mostly_positive,190,75.8,0.587,0.623,0.75,0.6485
OVERTURN,action,mid_price,mostly_positive,62,83.9,0.609,0.592,0.761,0.6485
Five Nights at Freddy's 2,horror,budget,very_positive,8883,90.4,0.575,0.507,0.899,0.6484
Disney Princess: My Fairytale Adventure,action,mid_price,very_positive,83,85.5,0.609,0.585,0.769,0.6484
Squareface,action,budget,mostly_positive,67,80.6,0.587,0.617,0.756,0.6484
Lode Runner Legacy,action,mid_price,very_positive,66,87.9,0.609,0.585,0.769,0.6484
Sacred Gold,rpg,budget,mostly_positive,1808,82.4,0.611,0.545,0.812,0.6483
Tales Of Glory,action,mid_price,mostly_positive,185,83.8,0.609,0.575,0.781,0.6483
Arkshot,action,budget,mostly_positive,120,78.3,0.587,0.617,0.756,0.6483
Disney Infinity 1.0: Gold Edition,action,mid_price,mostly_positive,61,83.6,0.609,0.592,0.761,0.6483
Stayin' Alive,action,budget,mostly_positive,246,76.8,0.587,0.617,0.756,0.6482
Wells,action,budget,mostly_positive,90,78.9,0.587,0.617,0.755,0.6481
FEIST,action,budget,mostly_positive,457,76.1,0.587,0.617,0.755,0.648
Strike Suit Zero: Director's Cut,action,mid_price,mostly_positive,292,79.1,0.609,0.585,0.768,0.648
War Tech Fighters,action,mid_price,mostly_positive,210,80.0,0.609,0.585,0.768,0.648
Almightree: The Last Dreamer,action,budget,mostly_positive,110,78.2,0.587,0.617,0.755,0.648
A Wizard's Lizard: Soul Thief,action,budget,mostly_positive,53,81.1,0.587,0.617,0.755,0.648
Hentai Shooter 3D,sexual_content,budget,mostly_positive,331,81.3,0.637,0.544,0.781,0.6478
Feesh,action,budget,mostly_positive,121,77.7,0.587,0.617,0.754,0.6478
Pressure Overdrive,action,budget,mostly_positive,108,77.8,0.587,0.617,0.754,0.6476
Slipstream,racing,budget,very_positive,566,87.5,0.542,0.597,0.83,0.6475
Bedlam,action,budget,mostly_positive,755,75.6,0.587,0.617,0.753,0.6474
Dig Dog,action,budget,mostly_positive,50,80.0,0.587,0.617,0.753,0.6474
Five Nights at Freddy's: Sister Location,horror,budget,very_positive,5254,90.7,0.575,0.505,0.898,0.6473
Onechanbara Z2: Chaos,action,mid_price,mostly_positive,503,76.3,0.609,0.592,0.757,0.6473
Masky,action,budget,mostly_positive,90,77.8,0.587,0.617,0.753,0.6473
Deadly 30,action,budget,mostly_positive,1466,75.4,0.587,0.617,0.752,0.6472
Trash Squad,action,budget,mostly_positive,57,78.9,0.587,0.617,0.752,0.6472
Woah Dave!,action,budget,mostly_positive,100,77.0,0.587,0.617,0.751,0.6469
The Ship: Murder Party,indie,free,very_positive,5611,85.9,0.615,0.502,0.853,0.6468
Arcana Heart 3 LOVEMAX SIXSTARS!!!!!!,action,mid_price,mostly_positive,70,84.3,0.609,0.585,0.764,0.6467
LifeZ - Survival,action,budget,mostly_positive,86,76.7,0.587,0.617,0.75,0.6465
In Game Adventure: Legend of Monsters,action,budget,mostly_positive,105,76.2,0.587,0.617,0.749,0.6464
PAC-MAN™ and the Ghostly Adventures,action,mid_price,mostly_positive,159,79.2,0.609,0.585,0.762,0.6461
Slave Zero,cyberpunk,budget,very_positive,133,88.7,0.582,0.588,0.789,0.6461
Automobilista,racing,mid_price,very_positive,1096,87.1,0.551,0.571,0.844,0.646
Budget Cuts,action,mid_price,mostly_positive,551,75.7,0.609,0.592,0.753,0.6459
Call of Juarez™,western,budget,mostly_positive,991,80.0,0.582,0.588,0.787,0.6457
Scraps: Modular Vehicle Combat,action,budget,mostly_positive,132,75.0,0.587,0.617,0.747,0.6455
Natural Selection 2,strategy,budget,mostly_positive,9870,84.8,0.5,0.619,0.845,0.6453
Looterkings,action,mid_price,mostly_positive,332,78.3,0.609,0.579,0.765,0.6453
Warcube,action,budget,very_positive,264,92.4,0.587,0.546,0.829,0.6453
Zombie Parking,action,budget,mostly_positive,72,75.0,0.587,0.617,0.746,0.6453
Warriors & Castles,action,budget,mostly_positive,68,75.0,0.587,0.617,0.746,0.6453
Cargo Commander,action,budget,mostly_positive,781,82.1,0.531,0.626,0.8,0.6451
The Slater,action,mid_price,mostly_positive,136,78.7,0.609,0.585,0.758,0.6451
Aeon,action,mid_price,mostly_positive,181,75.7,0.609,0.592,0.75,0.645
Space Rift - Episode 1,action,mid_price,mostly_positive,69,76.8,0.609,0.592,0.749,0.645
Tasty Blue,action,budget,very_positive,323,90.4,0.587,0.546,0.828,0.6449
Vertical Drop Heroes HD,action,budget,mostly_positive,692,82.2,0.531,0.626,0.799,0.6448
Rocket Knight,action,mid_price,mostly_positive,92,76.1,0.609,0.592,0.749,0.6448
Epic Snails,action,free,very_positive,195,93.8,0.571,0.567,0.821,0.6447
Night Trap - 25th Anniversary Edition,action,mid_price,mostly_positive,88,79.5,0.609,0.585,0.757,0.6446
Rise of Ages,action,mid_price,mostly_positive,70,81.4,0.609,0.583,0.758,0.6446
Thorne - Death Merchants,rpgmaker,budget,mostly_positive,199,83.9,0.582,0.588,0.783,0.6443
Killer is Dead - Nightmare Edition,action,mid_price,mostly_positive,6539,75.5,0.609,0.585,0.755,0.6442
QUAKE III: Team Arena,action,mid_price,mostly_positive,139,77.7,0.609,0.585,0.755,0.6442
Battlezone Gold Edition,action,mid_price,mostly_positive,210,76.7,0.609,0.585,0.754,0.6439
Sparkle 2,match_3,budget,very_positive,95,89.5,0.582,0.588,0.781,0.6438
Toybox Turbos,racing,mid_price,mostly_positive,1049,84.7,0.551,0.579,0.825,0.643
Oats Studios - Volume 1 Assets,action,free,very_positive,153,95.4,0.571,0.567,0.816,0.643
Deadstone,action,budget,mostly_positive,51,76.5,0.587,0.608,0.748,0.6428
Overkill VR: Action Shooter FPS,action,mid_price,mostly_positive,214,78.5,0.609,0.575,0.762,0.6427
EARTH DEFENSE FORCE 4.1 WINGDIVER THE SHOOTER,action,mid_price,mostly_positive,50,78.0,0.609,0.585,0.75,0.6427
FlatOut: Ultimate Carnage,racing,mid_price,mostly_positive,2361,83.3,0.551,0.579,0.823,0.6426
Meow Motors,racing,mid_price,very_positive,112,92.0,0.551,0.606,0.793,0.6426
Hentai Shooter 3D: Christmas Party,sexual_content,budget,mostly_positive,136,80.1,0.637,0.544,0.763,0.6425
Thorne - Son of Slaves (Ep.2),rpgmaker,budget,very_positive,78,89.7,0.582,0.588,0.777,0.6425
Disturbed,free_to_play,free,very_positive,1334,93.0,0.514,0.553,0.896,0.6422
Ride 2,racing,mid_price,mostly_positive,1605,84.7,0.551,0.571,0.831,0.6421
Wonder Boy Returns,action,mid_price,mostly_positive,75,76.0,0.609,0.585,0.748,0.6421
VERSUS SQUAD,action,budget,mostly_positive,477,81.6,0.531,0.626,0.788,0.6417
8Bit Fiesta,indie,free,very_positive,311,92.3,0.615,0.502,0.836,0.6416
Little Racers STREET,racing,budget,mostly_positive,878,83.0,0.542,0.597,0.809,0.6411
Black Rose,horror,free,mostly_positive,679,81.9,0.666,0.483,0.796,0.641
Jetman Go,fps,budget,mostly_positive,171,81.9,0.582,0.588,0.772,0.641
Transmissions: Element 120,free_to_play,free,very_positive,8417,94.0,0.514,0.516,0.934,0.6407
Maytroid. I swear it's a nice game too,sexual_content,budget,mostly_positive,79,79.7,0.637,0.544,0.756,0.6405
Cue Club 2: Pool & Snooker,action,mid_price,mostly_positive,96,78.1,0.609,0.575,0.754,0.6403
Double Dragon: Neon,beat_em_up,budget,mostly_positive,1969,77.2,0.582,0.588,0.768,0.64
Obscure,horror,budget,very_positive,740,92.6,0.575,0.505,0.874,0.64
Sky Gamblers: Storm Raiders,action,budget,mostly_positive,195,79.5,0.587,0.585,0.765,0.6399
Five Nights at Freddy's 3,horror,budget,very_positive,5595,87.9,0.575,0.505,0.872,0.6395
Crash Drive 2,racing,budget,very_positive,726,86.1,0.5,0.616,0.827,0.6386
There Is A Genie In My Szechuan Sauce,memes,budget,mostly_positive,268,77.6,0.582,0.591,0.76,0.6384
Hanako: Honor & Blade,swordplay,budget,mostly_positive,90,82.2,0.582,0.588,0.763,0.6384
Super Chibi Knight,action,budget,very_positive,260,87.3,0.587,0.546,0.805,0.638
Super Pilot,racing,mid_price,very_positive,56,94.6,0.551,0.606,0.777,0.6379
Vengeance,action,budget,mostly_positive,146,83.6,0.531,0.626,0.775,0.6376
Death Rally (Classic),racing,budget,very_positive,134,88.1,0.542,0.605,0.787,0.6375
Neon Space,action,budget,mostly_positive,395,79.5,0.531,0.626,0.773,0.6372
Aegis Defenders,strategy,mid_price,mostly_positive,109,80.7,0.557,0.61,0.762,0.637
Beyond Good and Evil™,adventure,budget,very_positive,2009,90.7,0.548,0.512,0.886,0.6369
ETHER VAPOR Remaster,shoot_em_up,budget,mostly_positive,243,77.4,0.582,0.588,0.758,0.6369
HYPERNOVA: Escape from Hadea,strategy,mid_price,very_positive,54,85.2,0.557,0.61,0.761,0.6369
First Strike: Final Hour,strategy,budget,very_positive,627,87.1,0.535,0.573,0.83,0.6367
Stock Car Extreme,racing,mid_price,very_positive,462,85.7,0.551,0.571,0.813,0.6367
Containment Initiative,gore,budget,mostly_positive,93,79.6,0.582,0.588,0.757,0.6366
1917 - The Alien Invasion DX,shoot_em_up,budget,mostly_positive,109,78.0,0.582,0.588,0.754,0.6358
Life is Strange - Episode 1,choices_matter,free,overwhelmingly_positive,123130,96.3,0.401,0.59,0.963,0.6357
KartKraft™,racing,mid_price,very_positive,355,86.5,0.551,0.571,0.81,0.6357
rFactor 2,racing,mid_price,mostly_positive,1284,82.3,0.551,0.571,0.808,0.6353
Son of a Witch,action,budget,very_positive,176,88.1,0.587,0.546,0.795,0.6352
Snuggle Truck,racing,budget,mostly_positive,444,81.8,0.542,0.597,0.788,0.6351
FURIDASHI: Drift Cyber Sport,racing,mid_price,mostly_positive,803,82.9,0.551,0.571,0.806,0.6347
Vangers,racing,budget,very_positive,234,85.0,0.542,0.594,0.791,0.6347
Genius Greedy Mouse,puzzle,budget,mostly_positive,67,77.6,0.582,0.588,0.751,0.6347
Unpossible,racing,budget,very_positive,102,87.3,0.542,0.605,0.777,0.6346
Alphadia Genesis,rpg,budget,mostly_positive,96,83.3,0.611,0.545,0.767,0.6346
Diehard Dungeon,rogue_like,budget,mostly_positive,434,75.3,0.582,0.588,0.75,0.6345
BattleStorm,shoot_em_up,budget,mostly_positive,54,77.8,0.582,0.588,0.75,0.6345
SCP022,horror,free,mostly_positive,175,82.3,0.666,0.483,0.774,0.6343
Gizmo,indie,free,very_positive,150,94.0,0.615,0.502,0.81,0.6339
Insane 2,racing,mid_price,mostly_positive,396,83.1,0.551,0.579,0.794,0.6338
Far Cry® 2: Fortune's Edition,open_world,budget,mostly_positive,7031,75.3,0.582,0.583,0.752,0.6335
Mushroom Wars 2,strategy,mid_price,mostly_positive,454,75.3,0.557,0.61,0.75,0.6335
Hyperun,racing,budget,very_positive,68,94.1,0.542,0.599,0.781,0.6335
Mute Crimson+,action,budget,very_positive,129,89.1,0.587,0.546,0.789,0.6334
Unforgiving - A Northern Hymn,horror,mid_price,mostly_positive,489,84.9,0.5,0.615,0.809,0.6332
rFactor,racing,mid_price,very_positive,340,85.0,0.551,0.571,0.801,0.633
CastleStorm,strategy,budget,very_positive,1233,89.5,0.556,0.51,0.866,0.6327
Machines At War 3,strategy,mid_price,mostly_positive,50,76.0,0.557,0.61,0.747,0.6326
Rogue Shooter: The FPS Roguelike,rogue_like,budget,mostly_positive,342,75.1,0.582,0.583,0.749,0.6324
Super Night Riders,racing,budget,very_positive,124,85.5,0.542,0.599,0.777,0.6322
The Blackout Club,horror,mid_price,very_positive,519,88.8,0.5,0.589,0.836,0.6321
Deadlings: Rotten Edition,action,budget,mostly_positive,272,82.7,0.587,0.546,0.784,0.6319
Nosferatu: The Wrath of Malachi,horror,budget,very_positive,2192,85.8,0.575,0.505,0.844,0.6312
Runic Rampage - Action RPG,action,budget,very_positive,110,88.2,0.587,0.546,0.782,0.6312
Karnage Chronicles,rpg,mid_price,very_positive,300,93.0,0.5,0.585,0.838,0.631
Teleportals. I swear it's a nice game,nudity,budget,very_positive,195,95.4,0.582,0.511,0.827,0.6307
Valentino Rossi The Game,racing,mid_price,mostly_positive,275,77.8,0.551,0.598,0.761,0.6305
Deadly Hunter VR,rpg,free,mostly_positive,219,83.6,0.631,0.497,0.783,0.6301
Tiki Man,action,budget,mostly_positive,209,75.6,0.531,0.626,0.75,0.63
BAJA: Edge of Control HD,racing,mid_price,mostly_positive,126,79.4,0.551,0.598,0.759,0.63
Mantis Burn Racing®,racing,mid_price,mostly_positive,111,76.6,0.551,0.606,0.751,0.63
Pixel Traffic: Circle Rush,racing,budget,very_positive,71,87.3,0.542,0.597,0.77,0.6295
MX Nitro,racing,mid_price,mostly_positive,77,80.5,0.551,0.598,0.757,0.6294
Super Impossible Road,racing,budget,very_positive,98,85.7,0.542,0.594,0.773,0.6292
Last Knight: Rogue Rider Edition,action,budget,mostly_positive,200,82.0,0.587,0.546,0.775,0.6291
Strikey Sisters,adventure,budget,very_positive,440,93.6,0.548,0.512,0.859,0.6287
Dead by Daylight,horror,mid_price,mostly_positive,185706,75.8,0.5,0.646,0.758,0.6286
Breakneck,racing,budget,very_positive,77,87.0,0.542,0.594,0.771,0.6286
Rym 9000,action,budget,very_positive,55,92.7,0.587,0.546,0.773,0.6286
Armajet,action,free,mostly_positive,122,82.0,0.571,0.567,0.767,0.6283
Home Sweet Home,horror,mid_price,mostly_positive,1160,84.8,0.5,0.585,0.827,0.628
Overclocked,action,free,very_positive,173,91.3,0.571,0.531,0.807,0.6279
Nuclear Dawn,strategy,budget,mostly_positive,2116,79.2,0.5,0.619,0.786,0.6275
Tomb Raider: Legend,adventure,budget,very_positive,1899,87.2,0.548,0.512,0.855,0.6275
Split/Second,racing,mid_price,mostly_positive,924,77.6,0.551,0.581,0.768,0.6269
Super Jagua,action,budget,very_positive,70,85.7,0.587,0.546,0.766,0.6265
Hocus Pocus,action,budget,very_positive,70,85.7,0.587,0.546,0.766,0.6265
CS2D,free_to_play,free,very_positive,5454,89.4,0.514,0.516,0.886,0.6264
Block Survival: Legend of the Lost Islands,action,budget,very_positive,61,86.9,0.587,0.546,0.766,0.6264
Can't Drive This,racing,budget,mostly_positive,212,78.8,0.542,0.594,0.763,0.6262
Suicide Guy: Sleepin' Deeply,action,budget,mostly_positive,89,83.1,0.587,0.546,0.765,0.6261
Wacky Wheels,racing,budget,mostly_positive,93,81.7,0.542,0.594,0.762,0.626
Ys SEVEN,rpg,mid_price,very_positive,247,91.1,0.5,0.585,0.82,0.6257
Cosmo's Cosmic Adventure,action,budget,very_positive,61,85.2,0.587,0.546,0.763,0.6256
The Next Penelope,racing,budget,mostly_positive,214,78.0,0.542,0.594,0.76,0.6253
All-Star Fruit Racing,racing,mid_price,mostly_positive,98,82.7,0.551,0.579,0.765,0.6251
Disney•Pixar Cars Mater-National Championship,racing,mid_price,very_positive,60,85.0,0.551,0.579,0.763,0.6244
HellGunner,action,budget,mostly_positive,125,79.2,0.587,0.546,0.759,0.6243
Rapid Tap,free_to_play,free,very_positive,320,91.9,0.514,0.553,0.835,0.6239
Blameless,free_to_play,free,mostly_positive,3753,84.2,0.514,0.553,0.835,0.6238
Hypersensitive Bob,action,budget,mostly_positive,52,82.7,0.587,0.546,0.757,0.6238
Leave Me Alone: A Trip To Hell,action,budget,mostly_positive,109,78.9,0.587,0.546,0.757,0.6237
Skirmish Line,strategy,budget,very_positive,142,87.3,0.535,0.573,0.786,0.6236
Shooty Skies,free_to_play,free,very_positive,1005,91.4,0.514,0.516,0.876,0.6233
Megamagic: Wizards of the Neon Age,action,budget,mostly_positive,82,79.3,0.587,0.546,0.755,0.6232
F1 RACE STARS™,racing,mid_price,mostly_positive,904,76.2,0.551,0.579,0.758,0.623
Sky to Fly: Soulless Leviathan,racing,budget,mostly_positive,73,78.1,0.542,0.594,0.752,0.623
Race.a.bit,racing,budget,mostly_positive,55,76.4,0.542,0.597,0.748,0.623
Rack N Ruin,action,budget,mostly_positive,72,79.2,0.587,0.546,0.754,0.6229
Versus World,indie,free,very_positive,68,89.7,0.615,0.502,0.773,0.6229
Mekazoo,action,budget,mostly_positive,63,79.4,0.587,0.546,0.754,0.6227
SQUAKE,racing,budget,mostly_positive,131,76.3,0.542,0.594,0.751,0.6226
Xanadu Next,rpg,mid_price,very_positive,209,90.0,0.5,0.585,0.809,0.6223
Polygod,strategy,budget,very_positive,120,87.5,0.535,0.573,0.782,0.6223
Boo Bunny Plague,action,budget,mostly_positive,261,75.9,0.587,0.546,0.751,0.622
City Climber,action,budget,mostly_positive,135,76.3,0.587,0.546,0.751,0.6218
Unsung Warriors - Prologue,free_to_play,free,very_positive,459,95.0,0.514,0.516,0.869,0.6213
Witch Hunt,horror,budget,very_positive,854,88.5,0.575,0.472,0.849,0.6212
Cold Fear™,horror,budget,very_positive,312,87.2,0.575,0.505,0.81,0.6208
Anomaly Warzone Earth Mobile Campaign,strategy,budget,mostly_positive,325,80.6,0.535,0.573,0.777,0.6207
Project CARS,racing,mid_price,mostly_positive,11338,76.0,0.551,0.571,0.76,0.6206
VRC PRO,racing,mid_price,mostly_positive,263,77.6,0.551,0.571,0.759,0.6206
Rise: Race The Future,racing,mid_price,mostly_positive,50,78.0,0.551,0.579,0.75,0.6206
Teddy Floppy Ear - The Race,racing,budget,mostly_positive,824,76.7,0.5,0.62,0.761,0.6205
Anomaly Korea,strategy,budget,mostly_positive,546,79.3,0.535,0.573,0.776,0.6205
AX:EL - Air XenoDawn,simulation,free,mostly_positive,964,76.9,0.666,0.451,0.763,0.6201
Hollowed,indie,free,mostly_positive,113,81.4,0.615,0.502,0.764,0.6201
Alien Robot Monsters,strategy,budget,very_positive,97,86.6,0.535,0.573,0.775,0.6201
CarX Drift Racing Online,racing,budget,very_positive,3422,89.1,0.5,0.518,0.879,0.62
Half Minute Hero: Super Mega Neo Climax Ultimate Boy,rpg,budget,very_positive,1319,87.0,0.543,0.503,0.847,0.62
"Pirates, Vikings, and Knights II",free_to_play,free,very_positive,4421,86.8,0.514,0.516,0.861,0.6188
One Finger Death Punch,action,budget,overwhelmingly_positive,14437,98.2,0.439,0.491,0.977,0.6187
Doorways: Old Prototype,free_to_play,free,very_positive,524,85.9,0.514,0.553,0.817,0.6187
Burnout Paradise: The Ultimate Box,racing,budget,very_positive,11226,86.8,0.5,0.526,0.864,0.6186
Boogeyman,horror,budget,mostly_positive,351,84.6,0.575,0.507,0.8,0.6186
Power Hover,racing,budget,very_positive,146,92.5,0.542,0.536,0.804,0.6184
Just Cause 2: Multiplayer Mod,open_world,free,very_positive,13360,91.8,0.462,0.522,0.914,0.6183
Sonic Generations Collection,platformer,free,very_positive,7510,92.2,0.486,0.497,0.915,0.6183
Freeman: Guerrilla Warfare,strategy,mid_price,mostly_positive,5483,84.3,0.455,0.593,0.838,0.6181
Final Approach,strategy,mid_price,very_positive,336,94.9,0.481,0.553,0.853,0.6178
Duck Game,action,budget,overwhelmingly_positive,17524,95.7,0.416,0.53,0.953,0.6171
Defense Zone 3 Ultra HD,strategy,budget,mostly_positive,206,79.1,0.535,0.573,0.764,0.6168
Feel The Snow,survival,budget,very_positive,1578,88.6,0.582,0.44,0.863,0.6166
Mold on Pizza 🍕,strategy,budget,mostly_positive,118,80.5,0.535,0.573,0.762,0.6163
Survivor Squad: Gauntlets,strategy,budget,mostly_positive,150,79.3,0.535,0.573,0.761,0.616
the static speaks my name,free_to_play,free,mostly_positive,4945,81.2,0.514,0.553,0.808,0.6158
Good Doggo,action,free,very_positive,56,85.7,0.571,0.534,0.763,0.6156
Stargunner,action,free,very_positive,64,85.9,0.571,0.531,0.765,0.6155
Pixel Fodder,action,free,mostly_positive,125,80.8,0.571,0.531,0.764,0.615
Mother Simulator,horror,budget,very_positive,301,85.7,0.575,0.491,0.801,0.6134
DreadOut: Keepers of The Dark,horror,budget,mostly_positive,514,80.2,0.575,0.507,0.781,0.6129
McDROID,strategy,budget,mostly_positive,131,76.3,0.535,0.573,0.751,0.6129
The Cursed Forest,horror,budget,very_positive,313,89.1,0.575,0.472,0.82,0.6124
Battle Time,strategy,budget,mostly_positive,139,75.5,0.535,0.573,0.748,0.6122
Defect,strategy,budget,mostly_positive,51,76.5,0.535,0.573,0.748,0.6121
The Bellows,adventure,free,very_positive,188,85.6,0.575,0.495,0.788,0.6108
Cosmic Trip,strategy,mid_price,very_positive,413,89.1,0.481,0.553,0.83,0.6107
Betrayer,horror,budget,mostly_positive,3179,81.8,0.575,0.472,0.812,0.6101
Super Amazing Wagon Adventure,indie,budget,very_positive,1784,94.8,0.469,0.487,0.919,0.6101
Obscure II (Obscure: The Aftermath),horror,budget,mostly_positive,329,79.9,0.575,0.505,0.774,0.61
Fidget Spinner Editor,horror,budget,very_positive,62,88.7,0.575,0.507,0.769,0.6095
Seven: Enhanced Edition,rpg,mid_price,mostly_positive,687,77.3,0.5,0.585,0.764,0.6091
Granny,horror,budget,very_positive,241,88.8,0.575,0.472,0.809,0.6091
Russian Car Driver,racing,budget,very_positive,1164,86.3,0.5,0.518,0.839,0.6081
Behold the Kickmen,sports,budget,very_positive,319,91.2,0.48,0.544,0.831,0.6079
Lucius,horror,budget,mostly_positive,7175,80.5,0.575,0.472,0.802,0.6072
Super House of Dead Ninjas,action,budget,overwhelmingly_positive,1362,95.9,0.416,0.53,0.92,0.6072
Pogostuck: Rage With Your Friends,horror,budget,mostly_positive,419,77.3,0.575,0.507,0.762,0.6072
The Exorcist: Legion VR - Chapter 1: First Rites,horror,budget,mostly_positive,176,79.5,0.575,0.505,0.764,0.6072
CASE 2: Animatronics Survival,horror,budget,mostly_positive,485,77.5,0.575,0.505,0.764,0.6071
Racket: Nx,sports,mid_price,very_positive,368,96.7,0.463,0.526,0.868,0.6066
Mercury Blue: Mini Episode,adventure,free,very_positive,86,87.2,0.575,0.495,0.773,0.6065
Mushroom Wars,strategy,budget,mostly_positive,341,80.6,0.556,0.51,0.778,0.6062
Totally Unbalanced,racing,budget,mostly_positive,89,82.0,0.542,0.536,0.762,0.6059
Ghost 1.0,indie,budget,very_positive,1464,93.2,0.469,0.487,0.9,0.6044
Holopoint,sports,mid_price,very_positive,667,91.0,0.463,0.526,0.859,0.604
SpyParty,strategy,mid_price,mostly_positive,433,84.5,0.481,0.553,0.804,0.6031
"""BUTTS: The VR Experience""",horror,budget,mostly_positive,58,77.6,0.575,0.505,0.75,0.6031
WOUNDED,horror,budget,mostly_positive,61,77.0,0.575,0.505,0.749,0.6029
FATE: The Traitor Soul,rpg,budget,very_positive,154,87.0,0.543,0.503,0.788,0.6024
Stikbold! A Dodgeball Adventure,sports,budget,very_positive,327,87.5,0.48,0.544,0.813,0.6023
Bloodstained: Curse of the Moon,action,budget,overwhelmingly_positive,1797,95.2,0.439,0.491,0.923,0.6022
Summoner,rpg,budget,mostly_positive,270,83.3,0.543,0.503,0.787,0.6022
Shooting Hurts,free_to_play,free,very_positive,150,92.0,0.514,0.516,0.803,0.6017
TrackMania Nations Forever,racing,free,very_positive,9496,86.9,0.5,0.477,0.865,0.6014
Fate/EXTELLA LINK,action,aaa_full,very_positive,1081,91.3,0.417,0.549,0.877,0.6009
Cargo! The Quest for Gravity,adventure,budget,mostly_positive,332,78.3,0.548,0.512,0.765,0.6006
Rock of Ages 2: Bigger & Boulder™,strategy,mid_price,mostly_positive,1771,80.4,0.481,0.553,0.795,0.6004
Ys: The Oath in Felghana,action,budget,very_positive,993,94.3,0.416,0.53,0.897,0.6001
Kittypocalypse,strategy,mid_price,very_positive,139,89.9,0.481,0.553,0.794,0.6
Alien Swarm,free_to_play,free,very_positive,18376,94.9,0.432,0.472,0.946,0.5999
Pocket Rogues,rpg,budget,very_positive,71,91.5,0.543,0.503,0.778,0.5994
Emmerholt: Prologue,adventure,free,mostly_positive,94,75.5,0.575,0.495,0.748,0.5987
Freddy Fazbear's Pizzeria Simulator,free_to_play,free,very_positive,8426,93.1,0.408,0.508,0.925,0.5982
Battlezone: Combat Commander,strategy,mid_price,mostly_positive,311,82.6,0.481,0.553,0.786,0.5978
One Finger Death Punch 2,action,budget,overwhelmingly_positive,761,96.7,0.439,0.492,0.904,0.5974
D'LIRIUM,indie,budget,very_positive,569,94.2,0.469,0.487,0.874,0.5967
Bot Vice,action,budget,overwhelmingly_positive,872,95.3,0.439,0.492,0.9,0.596
Happy Room,simulation,budget,mostly_positive,1088,82.7,0.486,0.522,0.809,0.5959
DED,free_to_play,free,mostly_positive,416,81.0,0.514,0.516,0.783,0.5955
Pavlov VR,action,budget,very_positive,3307,89.3,0.416,0.53,0.88,0.5952
Marlow Briggs and the Mask of Death,action,budget,very_positive,1823,92.4,0.439,0.491,0.899,0.5952
METAL SLUG X,action,budget,very_positive,1708,90.4,0.416,0.53,0.88,0.5952
Gamma Bros,free_to_play,free,very_positive,73,93.2,0.514,0.516,0.782,0.5951
Swarmlake,action,budget,overwhelmingly_positive,782,95.4,0.439,0.492,0.896,0.5949
IMSCARED,indie,budget,very_positive,649,91.2,0.469,0.493,0.859,0.5944
King Rabbit,free_to_play,free,very_positive,69,91.3,0.514,0.516,0.777,0.5936
Venetica - Gold Edition,rpg,budget,mostly_positive,304,77.0,0.543,0.503,0.758,0.5933
HYPERFIGHT Max Battle,free_to_play,free,very_positive,120,85.0,0.514,0.516,0.775,0.5932
Clawface,free_to_play,free,very_positive,116,85.3,0.514,0.516,0.775,0.5932
Void Memory,rpg,budget,mostly_positive,105,79.0,0.543,0.503,0.757,0.5932
Chroma Blast,free_to_play,free,mostly_positive,230,81.3,0.514,0.516,0.775,0.593
Ski Sniper,sports,budget,very_positive,146,85.6,0.48,0.544,0.781,0.5929
SPORE™ Galactic Adventures,simulation,budget,mostly_positive,2396,81.1,0.571,0.434,0.804,0.5928
Wrecked,free_to_play,free,mostly_positive,2049,77.8,0.514,0.516,0.774,0.5927
METAL SLUG,action,budget,very_positive,1297,90.1,0.416,0.53,0.872,0.5927
Death Skid Marks,indie,budget,very_positive,556,92.3,0.469,0.487,0.86,0.5926
Receiver,simulation,budget,mostly_positive,3322,79.1,0.486,0.532,0.787,0.5924
I and Me,indie,budget,very_positive,315,96.8,0.469,0.487,0.859,0.5923
Counter-Strike: Global Offensive,fps,free,very_positive,3046717,86.8,0.375,0.572,0.868,0.592
CAGE,free_to_play,free,very_positive,81,86.4,0.514,0.516,0.77,0.5918
The Vagrant,action,budget,very_positive,3083,90.0,0.416,0.514,0.887,0.5913
Alien Shooter 2: Reloaded,action,budget,very_positive,1079,92.2,0.439,0.492,0.884,0.5912
Aliens vs. Predator™,action,budget,very_positive,10634,88.8,0.439,0.491,0.885,0.5908
Sonic & SEGA All-Stars Racing,racing,budget,mostly_positive,787,78.0,0.5,0.526,0.771,0.5904
FlatOut 2™,racing,budget,very_positive,5781,94.1,0.405,0.484,0.931,0.5903
ONRAID,free_to_play,free,mostly_positive,1711,76.9,0.514,0.516,0.766,0.5903
404Sight,parkour,free,mostly_positive,1410,83.8,0.486,0.497,0.821,0.5903
Tale of Fallen Dragons,indie,budget,very_positive,440,92.5,0.469,0.487,0.852,0.5901
panGEMic,free_to_play,free,very_positive,68,85.3,0.514,0.516,0.765,0.5901
The Ultimatest Battle,free_to_play,free,mostly_positive,488,77.5,0.514,0.516,0.763,0.5896
KovaaK's FPS Aim Trainer,action,budget,very_positive,610,94.3,0.439,0.492,0.878,0.5893
Caveblazers,indie,budget,very_positive,1581,87.9,0.448,0.501,0.857,0.5892
StarBreak,free_to_play,free,mostly_positive,949,76.7,0.514,0.516,0.762,0.5892
When the Darkness comes,free_to_play,free,very_positive,3267,90.8,0.408,0.508,0.894,0.5891
The Cat Games,indie,budget,very_positive,595,90.1,0.469,0.487,0.849,0.5891
Dungeons Forever,free_to_play,free,mostly_positive,96,81.2,0.514,0.516,0.761,0.5891
BARRIER X,indie,budget,very_positive,1950,87.4,0.448,0.501,0.857,0.589
Sven Co-op,free_to_play,free,very_positive,13384,91.2,0.432,0.472,0.909,0.5888
Serious Sam 2,action,budget,very_positive,6055,88.4,0.439,0.491,0.878,0.5887
Blue Estate The Game,action,budget,very_positive,1172,91.1,0.439,0.491,0.877,0.5887
Descenders,sports,mid_price,very_positive,728,91.5,0.364,0.576,0.865,0.5886
Head Goal: Soccer Online,free_to_play,free,mostly_positive,353,77.1,0.514,0.516,0.759,0.5883
Trials 2: Second Edition,racing,budget,mostly_positive,202,83.7,0.5,0.511,0.782,0.5883
Brothers in Arms: Hell's Highway™,action,budget,very_positive,921,89.4,0.416,0.53,0.857,0.5882
Sky Knights,indie,budget,very_positive,311,94.2,0.469,0.487,0.845,0.5881
Null Vector,indie,budget,very_positive,251,96.4,0.469,0.487,0.845,0.5879
Momodora III,action,budget,very_positive,812,92.6,0.416,0.511,0.877,0.5876
Telophase,free_to_play,free,mostly_positive,54,81.5,0.514,0.516,0.756,0.5874
Zero Gear,racing,budget,mostly_positive,825,79.0,0.5,0.511,0.778,0.5872
KillStreak.tv,free_to_play,free,mostly_positive,94,78.7,0.514,0.516,0.755,0.5872
Red Faction,action,budget,very_positive,1478,89.8,0.439,0.491,0.872,0.5871
Gunman Clive,indie,budget,very_positive,684,88.5,0.469,0.487,0.842,0.5871
Chasing Styx,free_to_play,free,mostly_positive,60,80.0,0.514,0.516,0.754,0.5869
Xpand Rally,racing,budget,mostly_positive,178,78.1,0.5,0.526,0.758,0.5868
Noitu Love 2: Devolution,action,budget,very_positive,497,94.4,0.439,0.492,0.869,0.5867
Super Trench Attack!,action,budget,very_positive,1072,92.5,0.439,0.477,0.886,0.5866
YumeCore,action,budget,very_positive,91,96.7,0.439,0.553,0.797,0.5864
Shark Attack Deathmatch 2,survival,budget,mostly_positive,1438,76.6,0.582,0.44,0.762,0.5862
Binary Domain,action,budget,very_positive,5158,85.6,0.416,0.53,0.85,0.5861
Assassin's Creed 2 Deluxe Edition,action,budget,mostly_positive,17500,84.9,0.416,0.53,0.847,0.5853
Serious Sam Classics: Revolution,action,budget,very_positive,1504,89.0,0.439,0.491,0.866,0.5853
Battle Bruise,indie,budget,very_positive,286,93.0,0.469,0.487,0.835,0.5851
Super Arcade Football,sports,budget,mostly_positive,113,77.9,0.48,0.544,0.754,0.5848
Naev,free_to_play,free,mostly_positive,108,75.0,0.514,0.516,0.746,0.5846
Zuma's Revenge!,action,budget,very_positive,463,94.0,0.439,0.491,0.863,0.5844
CHRONO,free_to_play,free,mostly_positive,72,75.0,0.514,0.516,0.746,0.5844
Navalny 20!8 : The Rise of Evil,action,budget,very_positive,566,92.2,0.439,0.492,0.861,0.5843
Odallus: The Dark Call,action,budget,very_positive,881,89.9,0.439,0.492,0.86,0.584
Creed: Rise to Glory™,sports,mid_price,mostly_positive,369,82.9,0.463,0.526,0.792,0.5838
Alien Shooter,action,budget,very_positive,907,89.9,0.439,0.491,0.86,0.5836
ZeroRanger,action,budget,very_positive,303,97.0,0.439,0.492,0.858,0.5835
Zombie Estate 2,action,budget,very_positive,266,98.5,0.439,0.492,0.858,0.5834
Extreme Forklifting 2,simulation,budget,mostly_positive,169,84.6,0.486,0.51,0.782,0.5834
Pinkman,action,budget,very_positive,247,99.2,0.439,0.492,0.857,0.583
Cube Destroyer,indie,budget,very_positive,1101,85.0,0.469,0.487,0.828,0.5828
Psebay,simulation,budget,very_positive,71,91.5,0.486,0.51,0.778,0.5822
Gurumin: A Monstrous Adventure,action,budget,very_positive,561,91.4,0.416,0.514,0.855,0.582
Bloo Kid 2,indie,budget,very_positive,226,92.9,0.469,0.487,0.824,0.5817
Little Big Adventure 2,adventure,budget,very_positive,241,98.8,0.446,0.484,0.853,0.5815
Creative Destruction,battle_royale,free,mostly_positive,5450,79.3,0.462,0.522,0.791,0.5813
Streets of Fury EX,action,budget,very_positive,326,94.8,0.439,0.492,0.851,0.5813
Sword With Sauce,action,budget,mostly_positive,4240,84.0,0.416,0.53,0.833,0.5811
Aqua Kitty - Milk Mine Defender,indie,budget,very_positive,406,87.9,0.469,0.487,0.822,0.5811
Sonic Adventure 2,action,budget,mostly_positive,5589,83.7,0.416,0.53,0.832,0.5807
Jets'n'Guns 2,action,budget,very_positive,263,96.6,0.439,0.492,0.848,0.5805
Skelly Selest,indie,budget,very_positive,162,95.7,0.469,0.487,0.819,0.5803
The Lab,free_to_play,free,overwhelmingly_positive,3071,95.3,0.408,0.448,0.934,0.58
Earth Defense Force: Insect Armageddon,action,budget,very_positive,826,88.5,0.439,0.491,0.848,0.5798
Lara Croft and the Guardian of Light,action,budget,very_positive,2743,91.4,0.439,0.448,0.897,0.5796
Tcheco in the Castle of Lucio,action,budget,very_positive,530,90.0,0.439,0.492,0.844,0.5793
Conductor,indie,budget,very_positive,159,95.0,0.469,0.487,0.816,0.5793
MURI,action,budget,very_positive,447,91.3,0.439,0.491,0.845,0.5791
FlatOut,racing,budget,very_positive,2163,91.4,0.405,0.484,0.893,0.579
Outcast 1.1,adventure,budget,very_positive,419,91.6,0.446,0.484,0.845,0.579
Armed with Wings: Rearmed,indie,budget,very_positive,311,88.1,0.469,0.487,0.814,0.5788
Green Elephant 2D,action,budget,very_positive,268,95.1,0.439,0.492,0.843,0.5788
Animal Super Squad,indie,budget,very_positive,364,87.1,0.469,0.487,0.814,0.5787
Tomb Raider II,adventure,budget,very_positive,920,87.5,0.446,0.484,0.843,0.5785
Ghost Town Mine Ride & Shootin' Gallery,indie,budget,very_positive,339,87.3,0.469,0.487,0.813,0.5784
Alien Swarm: Reactive Drop,free_to_play,free,very_positive,8156,93.5,0.408,0.448,0.929,0.5783
Renegade Ops,action,budget,very_positive,2070,85.7,0.439,0.491,0.842,0.5782
Bullets And More VR - BAM VR,action,budget,very_positive,487,89.9,0.439,0.492,0.841,0.5782
Mini Ninjas,adventure,budget,very_positive,1882,85.7,0.446,0.484,0.841,0.5779
Music Racer,racing,budget,very_positive,1228,92.3,0.405,0.484,0.888,0.5773
Super Cyborg,action,budget,very_positive,445,89.9,0.439,0.492,0.837,0.5772
VODKA,action,budget,very_positive,285,93.3,0.439,0.492,0.837,0.5771
Rec Room,free_to_play,free,very_positive,3656,93.8,0.408,0.448,0.924,0.5769
Rogue Trooper,action,budget,very_positive,263,94.3,0.439,0.491,0.838,0.5768
Irony Of Nightmare,indie,budget,very_positive,243,86.8,0.469,0.493,0.8,0.5766
Super Ledgehop: Double Laser,action,budget,very_positive,192,97.4,0.439,0.492,0.834,0.5764
Superfighters Deluxe,action,budget,very_positive,426,89.7,0.439,0.492,0.834,0.5763
Sophie's Curse,indie,budget,mostly_positive,375,84.3,0.469,0.493,0.799,0.5763
Iron Fisticle,indie,budget,very_positive,216,88.9,0.469,0.487,0.805,0.5761
Judge Dredd: Dredd vs. Death,action,budget,very_positive,638,87.6,0.439,0.491,0.834,0.5758
Corporate Lifestyle Simulator,indie,budget,mostly_positive,572,83.6,0.469,0.487,0.805,0.5758
Mafia,action,budget,very_positive,1907,90.6,0.439,0.448,0.884,0.5757
SiN Episodes: Emergence,action,budget,very_positive,529,88.5,0.439,0.491,0.834,0.5757
Project Starship,indie,budget,mostly_positive,427,84.5,0.469,0.487,0.804,0.5757
Cursed Castilla (Maldita Castilla EX),indie,budget,very_positive,361,85.3,0.469,0.487,0.804,0.5757
"Planes, Bullets and Vodka",action,budget,very_positive,644,88.0,0.416,0.511,0.837,0.5756
Zeno Clash,action,budget,mostly_positive,2336,84.8,0.416,0.511,0.836,0.5752
Nature Calls,action,budget,very_positive,392,89.5,0.439,0.492,0.83,0.5751
Crysis Warhead®,action,budget,mostly_positive,2006,84.4,0.439,0.491,0.832,0.5749
Over 9000 Zombies!,action,budget,very_positive,1109,85.5,0.439,0.491,0.831,0.5749
Enemy Mind,action,budget,very_positive,743,86.3,0.439,0.492,0.829,0.5747
Immortal Defense,indie,budget,very_positive,124,93.5,0.469,0.487,0.801,0.5747
360 No Scope Arena,action,budget,very_positive,391,89.3,0.439,0.492,0.829,0.5746
Spark the Electric Jester,action,budget,very_positive,326,90.8,0.439,0.491,0.83,0.5745
Just Get Through,indie,budget,very_positive,198,88.4,0.469,0.487,0.8,0.5745
Putin VS ISIS,indie,budget,very_positive,107,95.3,0.469,0.487,0.8,0.5744
Shotgun Legend,action,budget,very_positive,184,96.2,0.439,0.492,0.828,0.5743
Mighty Switch Force! Hyper Drive Edition,action,budget,very_positive,223,93.7,0.439,0.492,0.827,0.5742
Rubber Ducky and the Rainbow Gun,indie,budget,very_positive,145,91.0,0.469,0.487,0.799,0.5742
Phoenix Force,indie,budget,mostly_positive,579,83.9,0.448,0.501,0.807,0.5741
Carrie's Order Up!,indie,budget,very_positive,90,97.8,0.469,0.487,0.799,0.5741
Bladed Fury,action,budget,mostly_positive,1453,84.3,0.439,0.492,0.826,0.574
Platypus,action,budget,very_positive,308,90.9,0.439,0.491,0.828,0.5739
Rush Rover,action,budget,very_positive,157,98.1,0.439,0.492,0.826,0.5739
Brothers in Arms: Road to Hill 30™,action,budget,very_positive,724,86.2,0.439,0.491,0.828,0.5738
El Tango de la Muerte,indie,budget,very_positive,83,98.8,0.469,0.487,0.798,0.5738
Zombie Party,action,budget,very_positive,597,86.6,0.439,0.492,0.826,0.5737
QUAKE Mission Pack 1: Scourge of Armagon,action,budget,very_positive,218,94.0,0.439,0.491,0.827,0.5737
SCP: Secret Laboratory,free_to_play,free,mostly_positive,23155,84.4,0.408,0.508,0.842,0.5735
Close Your Eyes [Old Version],free_to_play,free,very_positive,704,88.4,0.408,0.508,0.842,0.5735
Rune Classic,action,budget,very_positive,591,91.5,0.416,0.487,0.858,0.5735
TRON 2.0,action,budget,very_positive,355,89.6,0.439,0.491,0.827,0.5735
Nimbus,indie,budget,very_positive,189,94.7,0.469,0.464,0.823,0.5735
Ace of Seafood,action,budget,very_positive,272,91.2,0.439,0.492,0.824,0.5734
TOXIKK™,fps,free,mostly_positive,5047,76.6,0.486,0.497,0.765,0.5732
Kalimba,action,budget,very_positive,219,93.6,0.439,0.491,0.826,0.5732
Graze Counter,action,budget,very_positive,111,97.3,0.416,0.53,0.807,0.5731
SUPER BENBO QUEST: TURBO DELUXE,indie,budget,very_positive,108,93.5,0.469,0.487,0.795,0.5731
Princess.Loot.Pixel.Again x2,indie,budget,very_positive,220,86.4,0.469,0.487,0.795,0.573
The Haunted: Hells Reach,action,budget,very_positive,588,86.2,0.439,0.492,0.823,0.5729
Vox Populi Vox Dei 2,action,budget,very_positive,425,87.5,0.439,0.492,0.821,0.5725
The Music Machine,adventure,budget,very_positive,277,89.2,0.446,0.491,0.816,0.5725
Juanito Arcade Mayhem,adventure,budget,very_positive,189,94.7,0.446,0.484,0.823,0.5725
IronWolf VR,simulation,mid_price,very_positive,451,98.0,0.4,0.475,0.886,0.5723
VTOL VR,simulation,mid_price,very_positive,714,94.5,0.4,0.475,0.886,0.5722
Cooking Witch,indie,budget,very_positive,207,86.0,0.469,0.487,0.792,0.5721
HeXen: Beyond Heretic,action,budget,very_positive,275,90.5,0.439,0.491,0.822,0.572
Tomb Raider IV: The Last Revelation,adventure,budget,very_positive,486,86.8,0.446,0.484,0.821,0.5719
Straimium Immortaly,indie,budget,very_positive,114,91.2,0.469,0.487,0.791,0.5718
Casey Powell Lacrosse 16,sports,mid_price,mostly_positive,72,77.8,0.463,0.526,0.751,0.5717
Oddworld: Stranger's Wrath HD,adventure,budget,mostly_positive,898,84.5,0.446,0.484,0.82,0.5716
Trouble Witches Origin - Episode1 Daughters of Amalgam -,indie,budget,very_positive,84,95.2,0.469,0.487,0.79,0.5716
Final Exam,action,budget,mostly_positive,904,84.2,0.439,0.492,0.818,0.5714
Death's Hangover,action,budget,very_positive,296,89.5,0.439,0.491,0.82,0.5714
"OH MY GOD, LOOK AT THIS KNIGHT",free_to_play,free,overwhelmingly_positive,940,95.5,0.408,0.448,0.904,0.5711
Cally's Caves 3,indie,budget,mostly_positive,426,81.9,0.469,0.487,0.789,0.571
Cyberhunt,indie,budget,mostly_positive,392,82.1,0.469,0.487,0.788,0.571
Mad Bullets,action,budget,very_positive,209,91.9,0.439,0.492,0.816,0.571
Good Robot,indie,budget,mostly_positive,217,84.8,0.469,0.487,0.788,0.5709
Luxor Evolved,action,budget,very_positive,214,91.6,0.439,0.492,0.816,0.5709
Night Blights,indie,budget,very_positive,75,92.0,0.469,0.493,0.78,0.5706
Bad Caterpillar,indie,budget,very_positive,91,92.3,0.469,0.487,0.787,0.5704
Deployment,action,budget,very_positive,240,90.0,0.439,0.492,0.814,0.5703
WITCH-BOT MEGLILO,indie,budget,very_positive,62,98.4,0.469,0.487,0.786,0.5703
Thunder Wolves,action,budget,very_positive,438,86.1,0.439,0.492,0.814,0.5702
Delta Force,action,budget,very_positive,244,90.2,0.439,0.491,0.815,0.5701
Hidden & Dangerous 2: Courage Under Fire,action,budget,very_positive,174,96.0,0.439,0.483,0.824,0.5701
METAL SLUG 2,action,budget,very_positive,252,85.7,0.416,0.53,0.796,0.57
Onward,simulation,mid_price,very_positive,3138,89.1,0.4,0.475,0.878,0.5699
Instant Dungeon!,indie,budget,very_positive,162,85.8,0.469,0.487,0.785,0.5699
Diner Bros,indie,budget,very_positive,157,86.0,0.469,0.487,0.785,0.5698
Aqua Moto Racing Utopia,sports,mid_price,mostly_positive,73,75.3,0.463,0.525,0.747,0.5698
Silver Creek Falls: Chapter 1,free_to_play,free,very_positive,539,87.6,0.408,0.508,0.829,0.5695
Avalanche 2: Super Avalanche,indie,budget,very_positive,192,86.5,0.448,0.501,0.792,0.5695
iZBOT,indie,budget,very_positive,155,85.8,0.469,0.487,0.784,0.5695
Procyon,indie,budget,very_positive,113,88.5,0.469,0.487,0.783,0.5695
AaAaAA!!! - A Reckless Disregard for Gravity,action,budget,mostly_positive,650,84.2,0.439,0.492,0.811,0.5694
Pixel Star,indie,budget,very_positive,117,88.0,0.469,0.487,0.783,0.5694
Strike Vector EX,action,budget,mostly_positive,559,84.6,0.439,0.492,0.811,0.5693
"Bye-Bye, Wacky Planet",indie,budget,mostly_positive,379,81.3,0.469,0.487,0.783,0.5693
Polygoneer,indie,budget,very_positive,75,93.3,0.469,0.487,0.783,0.5693
Desert Bus VR,free_to_play,free,very_positive,493,87.8,0.408,0.508,0.828,0.5692
Strike Suit Infinity,action,budget,mostly_positive,541,84.8,0.439,0.491,0.812,0.569
A-10 VR,action,budget,very_positive,144,94.4,0.439,0.492,0.81,0.569
Tomb Raider I,adventure,budget,mostly_positive,2074,82.0,0.446,0.484,0.81,0.5686
Serious Sam Double D XXL,action,budget,mostly_positive,606,84.8,0.416,0.511,0.814,0.5686
Mecha Ritz: Steel Rondo,indie,budget,very_positive,57,96.5,0.469,0.487,0.78,0.5685
The Cubicle.,free_to_play,free,very_positive,539,87.0,0.408,0.508,0.825,0.5684
The Void Rains Upon Her Heart,action,budget,very_positive,98,100.0,0.439,0.492,0.808,0.5684
Game Soup,indie,budget,very_positive,51,98.0,0.469,0.487,0.779,0.5683
Zombie Shooter,action,budget,mostly_positive,483,84.9,0.439,0.491,0.809,0.5682
Angry Arrows,action,budget,very_positive,143,93.7,0.439,0.492,0.807,0.5682
Mini Ghost,action,budget,very_positive,297,97.3,0.439,0.448,0.859,0.5681
Never Again,indie,budget,mostly_positive,202,81.2,0.469,0.493,0.772,0.5681
Squidlit,adventure,budget,very_positive,156,92.9,0.446,0.484,0.808,0.568
SUPERHOT: MIND CONTROL DELETE,action,budget,very_positive,276,87.0,0.439,0.492,0.805,0.5675
Fenix Rage,indie,budget,mostly_positive,148,83.8,0.469,0.487,0.776,0.5672
Super Mega Neo Pug,action,budget,mostly_positive,680,82.9,0.439,0.492,0.804,0.5671
Beekyr Reloaded,indie,budget,very_positive,58,93.1,0.469,0.487,0.775,0.567
Aimtastic,free_to_play,free,overwhelmingly_positive,663,95.6,0.408,0.448,0.89,0.5669
Halo: Spartan Strike,action,budget,mostly_positive,634,83.3,0.439,0.491,0.805,0.5669
Handsome Mr. Frog,action,budget,very_positive,133,93.2,0.439,0.492,0.803,0.5669
Magicians & Looters,indie,budget,very_positive,108,88.9,0.448,0.501,0.783,0.5669
Castle of no Escape 2,indie,budget,mostly_positive,221,81.4,0.469,0.487,0.775,0.5668
Liftoff: FPV Drone Racing,simulation,mid_price,very_positive,1058,87.3,0.403,0.492,0.845,0.5667
Seraph,action,budget,mostly_positive,448,84.4,0.439,0.491,0.804,0.5667
Moorhuhn (Crazy Chicken),action,budget,very_positive,238,87.8,0.439,0.491,0.804,0.5667
Brothers in Arms: Earned in Blood™,action,budget,very_positive,356,85.1,0.439,0.491,0.803,0.5663
Halloween Forever,action,budget,very_positive,119,94.1,0.439,0.492,0.801,0.5663
Quarries of Scred,indie,budget,very_positive,54,92.6,0.469,0.487,0.773,0.5663
The Charnel House Trilogy,adventure,budget,mostly_positive,461,82.6,0.446,0.491,0.794,0.5662
Q-YO Blaster,action,budget,very_positive,88,98.9,0.439,0.492,0.8,0.5662
Waves 2,indie,budget,very_positive,71,88.7,0.469,0.487,0.772,0.5662
Slash or Die,action,budget,very_positive,232,87.1,0.439,0.492,0.8,0.566
Zero Punctuation: Hatfall - Hatters Gonna Hat Edition,action,budget,very_positive,251,86.9,0.439,0.491,0.801,0.5659
Yissa Deep Realms,indie,budget,very_positive,61,90.2,0.469,0.487,0.772,0.5659
Commandos: Beyond the Call of Duty,action,budget,very_positive,475,85.1,0.439,0.483,0.81,0.5658
Prince of Persia: Warrior Within™,action,budget,very_positive,758,86.7,0.416,0.487,0.832,0.5657
SQUIDS FROM SPACE,action,budget,very_positive,169,92.3,0.439,0.483,0.809,0.5657
Dead,indie,budget,very_positive,60,90.0,0.469,0.487,0.771,0.5657
TAYAL,indie,budget,very_positive,51,92.2,0.469,0.487,0.771,0.5657
ARCADE GAME SERIES: GALAGA,action,budget,very_positive,313,85.3,0.439,0.491,0.8,0.5656
QUAKE Mission Pack 2: Dissolution of Eternity,action,budget,very_positive,158,90.5,0.439,0.491,0.8,0.5656
Drunk or Dead,indie,budget,very_positive,55,90.9,0.469,0.487,0.771,0.5656
At Home Alone,free_to_play,free,mostly_positive,899,83.9,0.408,0.508,0.815,0.5654
Tomb Raider III,adventure,budget,mostly_positive,565,82.8,0.446,0.484,0.799,0.5654
Overture,indie,budget,mostly_positive,1105,78.6,0.448,0.501,0.778,0.5653
Bloody Streets,indie,budget,mostly_positive,110,83.6,0.469,0.487,0.77,0.5653
Kiai Resonance,indie,budget,mostly_positive,170,81.2,0.469,0.487,0.769,0.5652
Armored Kitten,action,budget,very_positive,165,89.1,0.439,0.492,0.797,0.5651
UBERMOSH:SANTICIDE,action,budget,very_positive,95,95.8,0.439,0.492,0.796,0.565
Weapon of Choice,indie,budget,very_positive,52,90.4,0.469,0.487,0.769,0.565
Pixel Shinobi Nine demons of Mamoru,action,budget,very_positive,129,91.5,0.439,0.492,0.796,0.5649
AtmaSphere,indie,budget,mostly_positive,90,84.4,0.469,0.487,0.768,0.5649
Delta Force Land Warrior,action,budget,very_positive,132,91.7,0.439,0.491,0.798,0.5648
Muffled Warfare - Echolocation Shooter,indie,budget,mostly_positive,85,84.7,0.469,0.487,0.768,0.5648
Halo: Spartan Assault,action,budget,mostly_positive,3488,80.2,0.439,0.491,0.797,0.5647
Princess.Loot.Pixel.Again,action,budget,very_positive,1122,85.1,0.416,0.487,0.829,0.5647
Psychocat: The Answer,indie,budget,mostly_positive,214,79.9,0.469,0.487,0.768,0.5647
KAMUI,action,budget,very_positive,117,92.3,0.439,0.492,0.795,0.5646
Pineapple Smash Crew ,indie,budget,mostly_positive,114,82.5,0.469,0.487,0.767,0.5646
Generation Streets,indie,budget,very_positive,54,88.9,0.469,0.487,0.767,0.5646
Assassin's Creed™: Director's Cut Edition,action,budget,mostly_positive,6905,83.2,0.416,0.487,0.828,0.5645
Ring Runner: Flight of the Sages,action,budget,mostly_positive,705,84.1,0.439,0.477,0.812,0.5645
Intruder,simulation,mid_price,very_positive,562,88.3,0.403,0.494,0.835,0.5644
Umihara Kawase,action,budget,very_positive,77,98.7,0.439,0.492,0.795,0.5644
NEO AQUARIUM - The King of Crustaceans -,indie,budget,mostly_positive,219,79.5,0.469,0.487,0.766,0.5643
AFFECTED: The Manor,indie,budget,mostly_positive,88,80.7,0.469,0.493,0.759,0.5643
Jet Set Knights,indie,budget,very_positive,52,88.5,0.469,0.487,0.766,0.5642
MANOS,indie,budget,mostly_positive,153,80.4,0.469,0.487,0.765,0.564
10 Second Ninja X,action,budget,very_positive,152,88.8,0.439,0.492,0.793,0.564
Lance A Lot: Classic Edition,indie,budget,very_positive,51,88.2,0.469,0.487,0.765,0.564
The Juicer,action,budget,very_positive,209,86.1,0.439,0.492,0.793,0.5639
Roche Fusion,action,budget,very_positive,88,95.5,0.439,0.492,0.793,0.5639
Space Fuss,indie,budget,very_positive,59,86.4,0.469,0.487,0.765,0.5639
Legacy of Kain: Defiance,action,budget,very_positive,490,87.6,0.416,0.487,0.826,0.5638
Timore 5,indie,budget,mostly_positive,65,81.5,0.469,0.493,0.758,0.5638
Dig 4 Destruction,action,budget,very_positive,110,92.7,0.439,0.491,0.794,0.5637
Boring Man - Online Tactical Stickman Combat,free_to_play,free,very_positive,4230,85.4,0.419,0.465,0.847,0.5636
Call of Tomsk-7,action,budget,mostly_positive,466,82.2,0.439,0.492,0.792,0.5636
A Bastard's Tale,indie,budget,mostly_positive,202,81.2,0.448,0.501,0.772,0.5636
Stay Alight,indie,budget,mostly_positive,180,81.7,0.448,0.501,0.772,0.5636
GIBZ,adventure,budget,mostly_positive,345,83.5,0.446,0.484,0.793,0.5635
Rot Gut,action,budget,mostly_positive,244,84.8,0.439,0.492,0.791,0.5635
Figure Quest,action,budget,very_positive,122,94.3,0.439,0.483,0.802,0.5635
Fitz the Fox,indie,budget,mostly_positive,108,81.5,0.469,0.487,0.764,0.5635
Proto Raider,indie,budget,mostly_positive,91,82.4,0.469,0.487,0.764,0.5635
2MD VR Football,action,budget,very_positive,90,94.4,0.439,0.492,0.791,0.5634
Super Mutant Alien Assault,action,budget,very_positive,85,95.3,0.439,0.492,0.791,0.5634
Mad Age & This Guy,indie,budget,very_positive,56,85.7,0.469,0.487,0.763,0.5633
Overchunked,indie,budget,mostly_positive,72,83.3,0.469,0.487,0.762,0.5631
Prince of Persia®: The Sands of Time,action,budget,very_positive,953,87.2,0.439,0.448,0.842,0.563
ARCADE GAME SERIES: PAC-MAN,action,budget,mostly_positive,298,83.9,0.439,0.491,0.792,0.563
Delta Force 2,action,budget,very_positive,192,86.5,0.439,0.491,0.792,0.563
MoonQuest,indie,budget,mostly_positive,63,84.1,0.469,0.487,0.762,0.563
GLAD VALAKAS TOWER DEFENCE,action,budget,very_positive,63,100.0,0.439,0.492,0.789,0.5629
Sandmason,indie,budget,mostly_positive,58,84.5,0.469,0.487,0.761,0.5628
Almost Alive,adventure,budget,very_positive,146,88.4,0.446,0.484,0.79,0.5627
Swaps and Traps,action,budget,very_positive,66,98.5,0.439,0.492,0.788,0.5626
Spear of Destiny,action,budget,mostly_positive,236,84.7,0.439,0.491,0.79,0.5625
Ballistic Tanks,action,budget,very_positive,165,86.7,0.439,0.492,0.788,0.5625
Potato Thriller,indie,budget,mostly_positive,289,77.5,0.469,0.487,0.76,0.5624
Diabolic,action,budget,very_positive,103,91.3,0.439,0.492,0.788,0.5624
THE VIDEOKID,action,budget,very_positive,70,97.1,0.439,0.492,0.788,0.5624
Super Star Path,action,budget,mostly_positive,234,84.2,0.439,0.492,0.788,0.5623
Danmaku Unlimited 3,action,budget,very_positive,121,89.3,0.439,0.492,0.788,0.5623
Hyper Bounce Blast,action,budget,very_positive,78,94.9,0.439,0.492,0.787,0.5622
Pukan Bye Bye,indie,budget,mostly_positive,67,82.1,0.469,0.487,0.759,0.5622
Distant Space,indie,budget,mostly_positive,183,78.1,0.469,0.487,0.759,0.5621
Star Valor,action,budget,very_positive,142,93.0,0.439,0.477,0.804,0.5621
Wars and Warriors: Joan of Arc,action,budget,very_positive,122,92.6,0.439,0.483,0.798,0.5621
Neko Navy,action,budget,very_positive,68,97.1,0.439,0.492,0.787,0.5621
Tom Clancy's Rainbow Six® Vegas 2,action,budget,mostly_positive,3038,85.0,0.375,0.51,0.84,0.562
Squirreltopia,indie,budget,mostly_positive,286,77.3,0.469,0.487,0.759,0.562
Avoid - Sensory Overload,action,budget,very_positive,180,85.6,0.439,0.492,0.787,0.562
ChargeShot,indie,budget,mostly_positive,83,80.7,0.469,0.487,0.759,0.562
Goosebumps: The Game,adventure,budget,very_positive,125,86.4,0.446,0.491,0.78,0.5619
Outlaws + A Handful of Missions,action,budget,very_positive,87,93.1,0.439,0.491,0.787,0.5616
Crashday Redline Edition,racing,budget,very_positive,781,88.0,0.405,0.478,0.842,0.5615
Iron Impact,action,budget,very_positive,201,87.1,0.439,0.483,0.795,0.5615
Yet Another Zombie Defense HD,action,budget,mostly_positive,887,80.0,0.439,0.491,0.786,0.5614
Dreamstones,indie,budget,mostly_positive,63,81.0,0.469,0.487,0.756,0.5614
Battlepillars Gold Edition,strategy,budget,very_positive,290,86.9,0.437,0.476,0.806,0.5613
Donuts'n'Justice,action,budget,very_positive,80,85.0,0.416,0.53,0.767,0.5613
Razortron 2000,racing,budget,very_positive,662,87.3,0.405,0.485,0.833,0.5612
Murasaki,action,budget,very_positive,72,94.4,0.439,0.492,0.784,0.5612
Hyperspace Invaders II: Pixel Edition,action,budget,mostly_positive,362,81.5,0.439,0.492,0.783,0.5611
Acceleration of SUGURI 2,indie,budget,mostly_positive,303,78.2,0.448,0.501,0.764,0.5611
Atomic 79,action,budget,very_positive,72,95.8,0.439,0.49,0.786,0.5611
GLAD VALAKAS TOWER DEFENCE 2,action,budget,very_positive,67,95.5,0.439,0.492,0.784,0.5611
Transcendence,action,budget,very_positive,80,92.5,0.439,0.492,0.783,0.561
Duck Souls,action,budget,very_positive,62,96.8,0.439,0.492,0.783,0.561
Carmageddon 2: Carpocalypse Now,racing,budget,very_positive,421,90.7,0.405,0.478,0.84,0.5608
Hakoniwa Explorer Plus,action,budget,mostly_positive,208,83.7,0.439,0.492,0.783,0.5608
Unbreakable Vr Runner,adventure,budget,very_positive,54,100.0,0.446,0.484,0.784,0.5608
Really Big Sky,indie,budget,mostly_positive,1891,75.6,0.469,0.487,0.754,0.5607
Sweezy Gunner,action,budget,mostly_positive,221,83.3,0.439,0.492,0.782,0.5607
Medal of Honor: Airborne,action,budget,mostly_positive,2186,78.9,0.439,0.491,0.784,0.5606
Magical Squash,action,budget,very_positive,78,92.3,0.439,0.492,0.782,0.5606
Vectorium,indie,budget,mostly_positive,51,80.4,0.469,0.487,0.754,0.5606
Total Miner,indie,budget,mostly_positive,359,76.0,0.469,0.487,0.753,0.5605
TY the Tasmanian Tiger 4,adventure,budget,mostly_positive,223,83.4,0.446,0.484,0.783,0.5605
Kung Fu Strike - The Warrior's Rise,action,budget,mostly_positive,1014,79.2,0.439,0.492,0.781,0.5604
Intrude,action,budget,very_positive,149,85.2,0.439,0.492,0.781,0.5603
Owl Watch,indie,budget,mostly_positive,74,78.4,0.469,0.487,0.753,0.5603
TimeShift™,action,budget,mostly_positive,782,79.7,0.439,0.491,0.782,0.5602
Peekaboo,action,budget,very_positive,62,95.2,0.439,0.492,0.781,0.5602
Carmageddon Max Pack,racing,budget,very_positive,387,91.0,0.405,0.478,0.838,0.5601
Armed and Dangerous®,action,budget,very_positive,133,86.5,0.439,0.491,0.782,0.56
Star Trek™ : 25th Anniversary,adventure,budget,very_positive,73,93.2,0.446,0.484,0.782,0.56
Fantasy Versus,action,budget,mostly_positive,387,80.6,0.439,0.492,0.78,0.5599
Gimbal,indie,budget,mostly_positive,201,76.1,0.469,0.487,0.752,0.5599
Metamorfose S,indie,budget,mostly_positive,60,78.3,0.469,0.487,0.752,0.5599
Kimulator 2: The Bottle Flip Master,indie,budget,mostly_positive,52,78.8,0.469,0.487,0.752,0.5599
Abduction Bit,action,budget,very_positive,64,93.8,0.439,0.492,0.779,0.5598
Goats on a Bridge,indie,budget,mostly_positive,151,76.2,0.469,0.487,0.751,0.5597
Blitz Breaker,action,budget,very_positive,100,88.0,0.439,0.492,0.779,0.5597
Clandestinity of Elsie,indie,budget,mostly_positive,92,80.4,0.448,0.501,0.759,0.5597
The Last DeadEnd,indie,budget,mostly_positive,51,78.4,0.469,0.487,0.751,0.5597
Riff Racer - Race Your Music!,racing,budget,mostly_positive,1517,84.4,0.405,0.485,0.828,0.5596
Blue Rider,action,budget,very_positive,86,89.5,0.439,0.492,0.779,0.5596
Blast-off,action,budget,very_positive,63,93.7,0.439,0.492,0.778,0.5596
The Impure,action,budget,very_positive,54,96.3,0.439,0.492,0.778,0.5596
Neon Space ULTRA,indie,budget,mostly_positive,170,75.9,0.469,0.487,0.75,0.5595
Fast Action Hero,action,budget,very_positive,94,88.3,0.439,0.492,0.778,0.5595
Bedfellows FRENZY,action,budget,very_positive,85,89.4,0.439,0.492,0.778,0.5595
Conflict Desert Storm™,action,budget,mostly_positive,469,80.2,0.439,0.491,0.78,0.5594
Greetings,free_to_play,free,mostly_positive,460,82.8,0.408,0.508,0.795,0.5594
Darkstar One,action,budget,mostly_positive,315,81.3,0.439,0.491,0.78,0.5594
Gunman Clive 2,action,budget,very_positive,80,90.0,0.439,0.492,0.778,0.5594
Wayward Souls,action,budget,very_positive,102,87.3,0.439,0.492,0.777,0.5593
MageQuit,action,budget,very_positive,75,90.7,0.439,0.492,0.777,0.5593
ALLTYNEX Second,action,budget,very_positive,97,87.6,0.439,0.492,0.777,0.5592
BANZAI ROYALE,action,budget,very_positive,64,93.8,0.439,0.491,0.779,0.5592
Hell Survive,indie,budget,mostly_positive,68,76.5,0.469,0.487,0.749,0.5591
Swarm Arena,indie,budget,mostly_positive,52,76.9,0.469,0.487,0.749,0.5591
Descent 2,action,budget,very_positive,72,91.7,0.439,0.491,0.778,0.559
Deadhunt,action,budget,very_positive,72,91.7,0.439,0.491,0.778,0.559
Aura of Worlds,adventure,budget,very_positive,58,94.8,0.446,0.484,0.778,0.559
Act of War: Direct Action,action,budget,mostly_positive,213,84.5,0.439,0.483,0.787,0.5589
Sugar Box,action,budget,very_positive,77,89.6,0.439,0.492,0.776,0.5589
Floppy Heroes,action,budget,very_positive,252,94.8,0.375,0.503,0.838,0.5588
Alien Shooter 2 Conscription,action,budget,mostly_positive,246,81.3,0.439,0.492,0.776,0.5588
Xmas Shooting - Scramble!!,action,budget,very_positive,72,90.3,0.439,0.492,0.776,0.5588
NIGHTSTAR,action,budget,very_positive,59,93.2,0.439,0.492,0.776,0.5588
Aces Wild: Manic Brawling Action!,action,budget,mostly_positive,308,80.5,0.439,0.492,0.776,0.5587
Zombie Builder Defense,action,budget,very_positive,111,86.5,0.439,0.491,0.777,0.5587
Still Not Dead,action,budget,very_positive,103,86.4,0.439,0.492,0.776,0.5587
Pizza Titan Ultra,action,budget,very_positive,63,92.1,0.439,0.492,0.776,0.5587
Shadow Corridor,action,budget,mostly_positive,187,82.4,0.439,0.492,0.775,0.5586
Blasted Road Terror,action,budget,very_positive,62,91.9,0.439,0.492,0.775,0.5586
Aliens Go Home Run,action,budget,very_positive,62,91.9,0.439,0.492,0.775,0.5586
miniLAW: Ministry of Law,action,budget,very_positive,74,90.5,0.439,0.491,0.777,0.5585
VOLTED,action,budget,very_positive,53,94.3,0.439,0.492,0.775,0.5585
Sigi - A Fart for Melusina,action,budget,very_positive,79,88.6,0.439,0.492,0.775,0.5584
All Zombies Must Die!: Scorepocalypse ,indie,budget,mostly_positive,57,75.4,0.469,0.487,0.747,0.5584
Wanted Killer VR,action,budget,very_positive,95,87.4,0.439,0.491,0.776,0.5583
Downward Spiral: Prologue,action,budget,very_positive,87,87.4,0.439,0.492,0.774,0.5583
Dominari Empires,action,budget,very_positive,60,98.3,0.439,0.483,0.785,0.5583
Schein,indie,budget,mostly_positive,259,76.4,0.448,0.501,0.754,0.5582
ShineG In The Zombies,action,budget,mostly_positive,219,81.3,0.439,0.492,0.774,0.5582
Thirst VR,action,budget,very_positive,100,86.0,0.439,0.492,0.774,0.5582
Xenoraid: The First Space War,action,budget,very_positive,78,88.5,0.439,0.492,0.774,0.5582
Luminosity,action,budget,very_positive,55,92.7,0.439,0.492,0.773,0.5581
Maniac GO,action,budget,very_positive,51,94.1,0.439,0.492,0.774,0.5581
Rosenkreuzstilette,action,budget,mostly_positive,191,81.7,0.439,0.492,0.773,0.558
The Land of Eyas,action,budget,very_positive,59,91.5,0.439,0.492,0.773,0.558
Trianga's Project: Battle Splash 2.0,action,budget,very_positive,59,91.5,0.439,0.492,0.773,0.558
Tomb Raider: Anniversary,action,budget,mostly_positive,2353,83.5,0.439,0.448,0.825,0.5579
Disney's Chicken Little,adventure,budget,mostly_positive,132,84.1,0.446,0.484,0.774,0.5579
Korwin The Game,action,budget,mostly_positive,212,81.1,0.439,0.492,0.773,0.5578
HeXen II,action,budget,mostly_positive,212,81.6,0.439,0.491,0.775,0.5578
Unseen Diplomacy,action,budget,very_positive,149,89.9,0.439,0.472,0.796,0.5578
Shadow Ops: Red Mercury,action,budget,mostly_positive,167,82.6,0.439,0.491,0.774,0.5577
Counter Spell,action,budget,very_positive,130,89.2,0.439,0.477,0.79,0.5577
ABYSS CRAWLERS plus,action,budget,very_positive,53,92.5,0.439,0.492,0.772,0.5577
Planet R-12,action,budget,mostly_positive,140,82.9,0.439,0.492,0.772,0.5576
Corroded,action,budget,very_positive,83,86.7,0.439,0.492,0.772,0.5576
Botlike - a robot's rampage,action,budget,very_positive,57,91.2,0.439,0.492,0.772,0.5576
NotCoD™,action,budget,very_positive,65,89.2,0.439,0.492,0.771,0.5575
Gal-X-E,action,budget,very_positive,61,90.2,0.439,0.492,0.772,0.5575
Gunjack,action,budget,mostly_positive,187,81.8,0.439,0.491,0.773,0.5574
Little Big Adventure - Enhanced Edition,adventure,budget,mostly_positive,116,84.5,0.446,0.484,0.773,0.5574
Macbat 64,action,budget,very_positive,91,85.7,0.439,0.492,0.771,0.5574
Lightblade VR,action,budget,mostly_positive,535,82.2,0.439,0.472,0.795,0.5573
Driver® Parallel Lines,racing,budget,very_positive,413,88.9,0.405,0.478,0.828,0.5573
Hammer 2,action,budget,mostly_positive,158,83.5,0.416,0.511,0.776,0.5573
Pharaoh Rebirth+,action,budget,very_positive,192,94.3,0.439,0.448,0.822,0.5572
Cobalt WASD,action,budget,mostly_positive,120,83.3,0.439,0.492,0.77,0.5572
Moonshot,action,budget,very_positive,94,85.1,0.439,0.492,0.77,0.5572
Bad Shooter 2,action,budget,very_positive,90,85.6,0.439,0.492,0.771,0.5572
Space Moth DX,action,budget,very_positive,90,85.6,0.439,0.492,0.771,0.5572
Welcome to Princeland,action,budget,very_positive,84,86.9,0.439,0.491,0.772,0.5572
Bombslinger,action,budget,very_positive,68,88.2,0.439,0.492,0.771,0.5572
Monday Night Combat,action,budget,mostly_positive,925,77.8,0.439,0.492,0.77,0.5571
Blocked and Loaded,action,budget,very_positive,79,87.3,0.439,0.491,0.772,0.5571
Post Apocalyptic Mayhem,racing,budget,mostly_positive,1444,84.4,0.405,0.478,0.827,0.557
Operation Warcade VR,simulation,mid_price,very_positive,195,97.4,0.4,0.475,0.835,0.557
Bloodsports.TV,action,budget,mostly_positive,465,78.5,0.439,0.492,0.769,0.5569
Riptide GP2,racing,budget,very_positive,383,88.0,0.405,0.483,0.821,0.5568
Deep GachiGASM,action,budget,mostly_positive,99,82.8,0.439,0.495,0.766,0.5568
GemBreak,action,budget,mostly_positive,101,77.2,0.416,0.53,0.752,0.5567
Aircraft Evolution,action,budget,very_positive,169,87.6,0.439,0.472,0.792,0.5566
Wicce,action,budget,mostly_positive,95,84.2,0.439,0.492,0.768,0.5566
Fingerbones,free_to_play,free,mostly_positive,3010,79.0,0.408,0.508,0.786,0.5565
Protonwar,action,budget,very_positive,64,87.5,0.439,0.492,0.768,0.5565
Horizon Shift,action,budget,mostly_positive,288,79.2,0.439,0.492,0.768,0.5564
MDK 2,action,budget,mostly_positive,114,83.3,0.439,0.491,0.769,0.5563
Bird Assassin,action,budget,very_positive,326,88.7,0.439,0.448,0.819,0.5562
Hail to the King: Deathbat,adventure,budget,mostly_positive,182,80.8,0.446,0.484,0.769,0.5562
Pang Adventures,action,budget,mostly_positive,161,81.4,0.439,0.491,0.769,0.5562
Bean Battles,action,budget,mostly_positive,97,83.5,0.439,0.492,0.767,0.5562
KOBOLD: Chapter I,adventure,budget,mostly_positive,58,84.5,0.446,0.491,0.761,0.5562
PIXELMAN,action,budget,very_positive,54,88.9,0.439,0.492,0.767,0.5562
Vertical Strike Endless Challenge,action,budget,mostly_positive,122,82.0,0.439,0.492,0.767,0.5561
Shoot 1UP,action,budget,mostly_positive,92,83.7,0.439,0.492,0.767,0.5561
Making History: The Calm & the Storm,strategy,budget,mostly_positive,567,81.1,0.437,0.476,0.788,0.556
ARCADE GAME SERIES: DIG DUG,action,budget,mostly_positive,207,80.2,0.439,0.491,0.768,0.556
Ruin of the Reckless,action,budget,very_positive,74,85.1,0.439,0.492,0.766,0.5559
Crisis VRigade,action,budget,mostly_positive,86,83.7,0.439,0.492,0.766,0.5558
Iron Crypticle,action,budget,very_positive,52,88.5,0.439,0.492,0.766,0.5558
Medusa's Labyrinth,free_to_play,free,mostly_positive,1016,79.4,0.408,0.508,0.783,0.5557
UNLOVED,action,budget,mostly_positive,687,77.7,0.439,0.491,0.768,0.5557
PixelJunk™ Shooter Ultimate,action,budget,mostly_positive,84,84.5,0.439,0.491,0.767,0.5556
Deceit,free_to_play,free,mostly_positive,24698,75.6,0.432,0.508,0.756,0.5555
Ben and Ed,action,budget,mostly_positive,1424,76.9,0.439,0.492,0.765,0.5555
Pixel Gladiator,action,budget,mostly_positive,191,79.6,0.439,0.492,0.765,0.5555
Advent Rising,action,budget,mostly_positive,331,78.5,0.439,0.491,0.766,0.5554
Weird Hero,action,budget,mostly_positive,105,81.9,0.439,0.492,0.764,0.5554
Putrefaction 2: Void Walker,action,budget,mostly_positive,181,79.6,0.439,0.492,0.764,0.5553
in Space,action,budget,mostly_positive,109,81.7,0.439,0.492,0.764,0.5553
Corgi Warlock,action,budget,mostly_positive,264,78.4,0.439,0.492,0.763,0.5551
Kingpin — Life of Crime,action,budget,mostly_positive,205,79.5,0.439,0.491,0.765,0.5551
Reignfall,action,budget,very_positive,96,86.5,0.439,0.483,0.774,0.5551
QUAKE II Mission Pack: The Reckoning,action,budget,mostly_positive,77,84.4,0.439,0.491,0.765,0.5551
Jet Gunner,action,budget,mostly_positive,601,77.2,0.439,0.492,0.763,0.555
Tom Clancy's Rainbow Six® Vegas,action,budget,mostly_positive,477,77.8,0.439,0.491,0.765,0.555
Descent: FreeSpace – The Great War,action,budget,mostly_positive,153,80.4,0.439,0.491,0.765,0.555
Defunct,adventure,budget,mostly_positive,392,81.6,0.446,0.466,0.785,0.5549
ATOMINE,action,budget,mostly_positive,136,80.1,0.439,0.492,0.763,0.5549
Bouncing Duck Simulator,action,budget,very_positive,56,85.7,0.439,0.492,0.763,0.5549
Red Death,action,budget,mostly_positive,85,82.4,0.439,0.492,0.762,0.5548
Weable,action,budget,mostly_positive,59,84.7,0.439,0.492,0.762,0.5546
STAR WARS™ - X-Wing Alliance™,action,budget,mostly_positive,230,78.7,0.439,0.491,0.763,0.5545
Mechs V Kaijus,action,budget,very_positive,50,86.0,0.439,0.492,0.762,0.5545
One way to exit,action,budget,mostly_positive,108,80.6,0.439,0.492,0.761,0.5544
WALLSLIDE,action,budget,mostly_positive,104,80.8,0.439,0.492,0.761,0.5544
Vintage Year,action,budget,mostly_positive,83,81.9,0.439,0.492,0.761,0.5544
Zombeer,action,budget,mostly_positive,170,78.8,0.439,0.492,0.761,0.5543
AFTERGRINDER,action,budget,mostly_positive,78,82.1,0.439,0.492,0.761,0.5543
Zenodyne R,action,budget,mostly_positive,53,84.9,0.439,0.492,0.761,0.5543
Army Men RTS,strategy,budget,mostly_positive,180,84.4,0.437,0.476,0.782,0.5542
Darkness Within 1: In Pursuit of Loath Nolder,adventure,budget,mostly_positive,361,76.2,0.446,0.491,0.754,0.5541
Death Ray Manta SE,action,budget,mostly_positive,181,78.5,0.439,0.492,0.76,0.5541
Envoy,action,budget,mostly_positive,98,80.6,0.439,0.492,0.76,0.5541
ELMIA,action,budget,mostly_positive,73,82.2,0.439,0.492,0.76,0.5541
Void Source,action,budget,mostly_positive,52,84.6,0.439,0.492,0.76,0.5541
Dirty Bomb®,free_to_play,free,mostly_positive,54634,80.1,0.432,0.465,0.8,0.554
Street Racing Syndicate,racing,budget,mostly_positive,2306,81.8,0.405,0.484,0.809,0.5538
Zombie Shooter 2,action,budget,mostly_positive,376,77.4,0.439,0.491,0.761,0.5538
Indiana Jones® and the Emperor's Tomb™,action,budget,very_positive,136,95.6,0.439,0.448,0.811,0.5538
THE LAST BLADE 2,action,budget,mostly_positive,83,81.9,0.439,0.491,0.761,0.5538
Rift Keeper,action,budget,mostly_positive,67,82.1,0.439,0.492,0.759,0.5538
Larva Mortus,action,budget,mostly_positive,684,76.5,0.439,0.492,0.759,0.5537
BloodRayne,action,budget,mostly_positive,479,77.0,0.439,0.491,0.761,0.5537
TITAN SLAYER,action,budget,mostly_positive,78,82.1,0.439,0.491,0.761,0.5537
Section 8®: Prejudice™,action,budget,mostly_positive,924,76.5,0.439,0.491,0.76,0.5536
ATOMEGA,action,budget,mostly_positive,798,76.3,0.439,0.492,0.758,0.5535
Gun Metal,action,budget,mostly_positive,727,76.6,0.439,0.491,0.76,0.5535
Act of War: High Treason,action,budget,mostly_positive,195,80.5,0.439,0.483,0.769,0.5535
Joint Task Force,strategy,budget,very_positive,115,87.0,0.437,0.476,0.78,0.5534
Cybarian: The Time Travelling Warrior,action,budget,mostly_positive,65,81.5,0.439,0.492,0.758,0.5534
Bloody Good Time,action,budget,mostly_positive,866,76.4,0.439,0.491,0.759,0.5533
Ms. Splosion Man,action,budget,mostly_positive,216,77.3,0.439,0.492,0.757,0.5531
Velocity®Ultra,action,budget,mostly_positive,175,77.7,0.439,0.492,0.757,0.5531
Lumber Island - That Special Place,adventure,budget,mostly_positive,95,76.8,0.446,0.491,0.751,0.5531
Inertia,action,budget,mostly_positive,141,78.0,0.439,0.492,0.756,0.553
Mortars VR,action,budget,mostly_positive,114,82.5,0.439,0.483,0.767,0.553
Vector Strain,action,budget,mostly_positive,55,81.8,0.439,0.492,0.756,0.553
Lethal VR,action,budget,very_positive,111,87.4,0.439,0.472,0.78,0.5529
The Legend of Dark Witch,action,budget,mostly_positive,173,77.5,0.439,0.492,0.756,0.5528
A.R.E.S. Extinction Agenda EX,action,budget,mostly_positive,169,77.5,0.439,0.492,0.756,0.5528
Omega Strike,action,budget,mostly_positive,99,78.8,0.439,0.492,0.756,0.5528
Successor of the Moon,action,budget,mostly_positive,54,81.5,0.439,0.492,0.756,0.5528
Link: The Unleashed Nexus,action,budget,mostly_positive,54,81.5,0.439,0.492,0.756,0.5528
AudioBeats,action,budget,mostly_positive,50,82.0,0.439,0.492,0.756,0.5528
Just Jump,action,budget,mostly_positive,66,80.3,0.439,0.492,0.756,0.5527
Neon Shadow,action,budget,mostly_positive,56,82.1,0.439,0.491,0.757,0.5526
Rocketbirds 2 Evolution,action,budget,mostly_positive,265,76.6,0.439,0.492,0.755,0.5525
Sky Jump,action,budget,mostly_positive,126,77.8,0.439,0.492,0.755,0.5525
Delta Force: Task Force Dagger,action,budget,mostly_positive,72,80.6,0.439,0.491,0.757,0.5525
room13,action,budget,mostly_positive,69,79.7,0.439,0.492,0.755,0.5525
Attack Of Insects,action,budget,mostly_positive,69,79.7,0.439,0.492,0.755,0.5525
UltraGoodness,action,budget,mostly_positive,146,77.4,0.439,0.492,0.755,0.5524
Legends of the Universe - StarCore,action,budget,mostly_positive,56,80.4,0.439,0.492,0.754,0.5524
Hell Shooter,action,budget,mostly_positive,52,80.8,0.439,0.492,0.754,0.5524
Sniper Elite,action,budget,mostly_positive,1558,75.8,0.439,0.491,0.756,0.5523
Beyond Sol,action,budget,mostly_positive,161,80.1,0.439,0.483,0.765,0.5523
Captain Forever Trilogy,strategy,budget,very_positive,64,92.2,0.437,0.476,0.776,0.5523
Raptor: Call of The Shadows - 2015 Edition,action,budget,mostly_positive,275,76.7,0.439,0.491,0.756,0.5522
Spaceman Sparkles 2,action,budget,mostly_positive,58,81.0,0.439,0.491,0.756,0.5522
The Path of Greatest Resistance,action,budget,mostly_positive,50,82.0,0.439,0.491,0.756,0.5522
Dragon Rage,action,budget,mostly_positive,156,76.9,0.439,0.492,0.753,0.5521
Assassins vs Pirates,action,budget,mostly_positive,83,78.3,0.439,0.492,0.753,0.5521
Bezier,action,budget,mostly_positive,79,78.5,0.439,0.492,0.753,0.5521
Skyfront VR,action,budget,mostly_positive,119,77.3,0.439,0.492,0.753,0.552
This Is Not A Jumping Game,action,budget,very_positive,107,97.2,0.439,0.448,0.805,0.552
Curse: The Eye of Isis,adventure,budget,mostly_positive,85,75.3,0.446,0.491,0.747,0.5519
SHOCK TROOPERS,action,budget,mostly_positive,73,79.5,0.439,0.491,0.755,0.5519
Property,action,budget,mostly_positive,62,79.0,0.439,0.492,0.753,0.5519
Dragon Simulator Multiplayer,action,budget,mostly_positive,62,79.0,0.439,0.492,0.753,0.5519
Bloodline Champions,free_to_play,free,very_positive,1591,85.8,0.408,0.448,0.84,0.5517
Beeftacular,action,budget,mostly_positive,77,77.9,0.439,0.492,0.752,0.5517
Painkiller Overdose,action,budget,mostly_positive,566,75.8,0.439,0.491,0.754,0.5515
Deserving Life,free_to_play,free,very_positive,74,86.5,0.408,0.508,0.769,0.5515
Fatal Fight,action,budget,mostly_positive,60,78.3,0.439,0.492,0.752,0.5515
DERE EVIL .EXE,action,budget,very_positive,179,89.9,0.439,0.448,0.803,0.5514
TWINKLE STAR SPRITES,action,budget,mostly_positive,119,77.3,0.439,0.491,0.753,0.5514
Rhythm Rush!,action,budget,mostly_positive,145,77.9,0.416,0.511,0.756,0.5513
Mini Knight,action,budget,mostly_positive,95,76.8,0.439,0.492,0.751,0.5513
Dimension Hunter VR,action,budget,mostly_positive,79,77.2,0.439,0.492,0.751,0.5513
Ninjahtic,action,budget,mostly_positive,71,77.5,0.439,0.492,0.751,0.5513
Insanity's Blade,action,budget,mostly_positive,247,75.7,0.439,0.492,0.751,0.5512
Comanche 4,action,budget,very_positive,109,85.3,0.439,0.472,0.774,0.5511
Blaster Cop,action,budget,mostly_positive,50,78.0,0.439,0.492,0.75,0.5511
Crazy Taxi,racing,budget,mostly_positive,1513,82.0,0.405,0.478,0.807,0.551
Castlevania: Lords of Shadow – Mirror of Fate HD,action,budget,mostly_positive,1022,81.8,0.439,0.448,0.801,0.551
Auto Age: Standoff,action,budget,mostly_positive,85,76.5,0.439,0.492,0.749,0.5509
Starscape,action,budget,mostly_positive,65,76.9,0.439,0.492,0.749,0.5509
Gotham City Impostors Free to Play,free_to_play,free,mostly_positive,11042,83.9,0.408,0.448,0.837,0.5508
RED,free_to_play,free,very_positive,242,95.0,0.408,0.448,0.837,0.5508
Xotic,action,budget,mostly_positive,160,75.6,0.439,0.492,0.749,0.5508
TankZone Battle,action,budget,mostly_positive,76,76.3,0.439,0.492,0.749,0.5507
STAR WARS™ Episode I Racer,racing,budget,very_positive,325,86.2,0.405,0.478,0.806,0.5505
Vzerthos: The Heir of Thunder,adventure,budget,mostly_positive,61,77.0,0.446,0.484,0.749,0.5504
Burnin' Rubber 5 HD,action,budget,very_positive,94,89.4,0.439,0.464,0.781,0.5503
Trigger Runners,action,budget,mostly_positive,62,75.8,0.439,0.492,0.747,0.5503
EPOCH,action,budget,mostly_positive,54,75.9,0.439,0.492,0.747,0.5503
Kill to Collect,action,budget,mostly_positive,160,75.0,0.439,0.492,0.747,0.5501
Cally's Caves 4,action,budget,mostly_positive,76,76.3,0.439,0.491,0.749,0.5501
ARCADE GAME SERIES: Ms. PAC-MAN,action,budget,mostly_positive,76,76.3,0.439,0.491,0.749,0.5501
Void Raiders,action,budget,mostly_positive,69,75.4,0.439,0.492,0.747,0.5501
Half-Life 2: Lost Coast,fps,free,very_positive,6803,85.0,0.334,0.513,0.846,0.55
MDK,action,budget,mostly_positive,183,75.4,0.439,0.491,0.749,0.55
State of War : Warmonger / 蓝色警戒 (Classic 2000),strategy,budget,very_positive,69,87.0,0.437,0.476,0.768,0.55
RoboBlitz,action,budget,mostly_positive,57,75.4,0.439,0.492,0.747,0.55
Nocturnal Hunt,action,budget,mostly_positive,53,75.5,0.439,0.492,0.747,0.55
SMASHING THE BATTLE,action,budget,mostly_positive,492,75.0,0.439,0.491,0.748,0.5499
Tomb Raider V: Chronicles,adventure,budget,mostly_positive,309,75.1,0.446,0.484,0.748,0.5499
Front Defense: Heroes,action,budget,mostly_positive,67,76.1,0.439,0.491,0.748,0.5499
Harold,action,budget,mostly_positive,52,75.0,0.439,0.492,0.746,0.5498
Uprising: Join or Die,action,budget,mostly_positive,51,82.4,0.439,0.483,0.757,0.5498
AquaNox 2: Revelation,action,budget,mostly_positive,141,75.2,0.439,0.491,0.747,0.5497
Balloon Chair Death Match,action,budget,mostly_positive,54,75.9,0.439,0.491,0.747,0.5497
Urban Trial Freestyle,racing,budget,mostly_positive,1463,81.4,0.405,0.478,0.802,0.5495
The Thrill of the Fight - VR Boxing,sports,budget,very_positive,894,94.2,0.371,0.434,0.892,0.5495
Slightly Heroes VR,action,budget,mostly_positive,64,75.0,0.439,0.491,0.746,0.5493
Quar: Battle for Gate 18,strategy,budget,very_positive,56,87.5,0.437,0.476,0.766,0.5491
iRacing,racing,budget,mostly_positive,887,84.2,0.405,0.463,0.818,0.549
SHOGUN: Total War™ - Collection,strategy,budget,mostly_positive,259,78.8,0.437,0.476,0.765,0.5489
Blood Harvest,action,budget,mostly_positive,94,75.5,0.416,0.511,0.748,0.5487
Prince of Persia®,action,budget,mostly_positive,1214,78.1,0.416,0.487,0.774,0.5482
Dragonpath,action,budget,mostly_positive,73,80.8,0.439,0.477,0.757,0.5481
Out of Ammo: Death Drive,action,budget,mostly_positive,63,77.8,0.439,0.483,0.751,0.5481
Gods of the Fallen Land,strategy,budget,very_positive,51,86.3,0.437,0.476,0.762,0.5481
Dabman: When the Haters Dab Back,action,budget,very_positive,133,89.5,0.439,0.448,0.791,0.5479
Armed to the Gears,action,budget,mostly_positive,66,77.3,0.439,0.483,0.75,0.5479
Special Tactics,action,budget,mostly_positive,50,78.0,0.439,0.483,0.75,0.5479
Block N Load,free_to_play,free,mostly_positive,14052,77.3,0.432,0.472,0.772,0.5478
GTR 2 FIA GT Racing Game,racing,budget,very_positive,190,91.6,0.405,0.463,0.811,0.5471
nail'd,racing,budget,mostly_positive,1076,79.8,0.405,0.484,0.787,0.547
The Big Elk,strategy,budget,mostly_positive,199,77.9,0.437,0.476,0.759,0.547
Riptide GP: Renegade,racing,budget,very_positive,173,87.9,0.405,0.478,0.794,0.547
WASTED,action,budget,mostly_positive,983,75.5,0.439,0.477,0.753,0.5466
Alien Splatter Redux,action,budget,very_positive,77,94.8,0.439,0.448,0.787,0.5465
GT Legends,racing,budget,very_positive,225,89.3,0.405,0.463,0.809,0.5463
Defiance,free_to_play,free,mostly_positive,11958,76.5,0.432,0.472,0.765,0.5456
LocoCycle,action,budget,mostly_positive,250,78.8,0.439,0.464,0.765,0.5455
Cuco,action,budget,very_positive,65,95.4,0.439,0.448,0.782,0.5452
Onion Force,strategy,budget,mostly_positive,61,78.7,0.437,0.476,0.752,0.5451
Below Kryll,action,budget,very_positive,90,90.0,0.439,0.448,0.781,0.5448
Your Bunny Wrote,action,budget,very_positive,112,87.5,0.439,0.448,0.78,0.5447
WAR DUST | 32 vs 32 Battles,simulation,mid_price,mostly_positive,734,81.1,0.4,0.475,0.792,0.5439
Uncrewed,strategy,budget,mostly_positive,63,76.2,0.437,0.476,0.748,0.5439
Cinemaware Anthology: 1986-1991,strategy,budget,mostly_positive,58,75.9,0.437,0.476,0.747,0.5437
Indiana Jones® and the Infernal Machine™,action,budget,mostly_positive,54,83.3,0.416,0.487,0.759,0.5436
Light Bearers,free_to_play,free,very_positive,464,85.6,0.408,0.448,0.812,0.5434
Project Freedom,action,budget,mostly_positive,106,75.5,0.439,0.472,0.748,0.5432
The Red Stare,free_to_play,free,very_positive,179,92.2,0.408,0.448,0.811,0.5431
Bang Bang Racing,racing,budget,mostly_positive,399,79.4,0.405,0.484,0.773,0.543
Cowbots and Aliens,action,budget,very_positive,93,87.1,0.439,0.448,0.775,0.543
pla_toon,free_to_play,free,mostly_positive,553,84.6,0.408,0.448,0.811,0.5429
Super Laser  Racer,racing,budget,very_positive,84,86.9,0.405,0.485,0.772,0.5429
Tomato Jones,action,budget,mostly_positive,137,83.2,0.439,0.448,0.772,0.5423
Sam & Dan: Floaty Flatmates,free_to_play,free,very_positive,135,94.8,0.408,0.448,0.808,0.5422
One Ping Only,free_to_play,free,very_positive,185,90.8,0.408,0.448,0.807,0.5419
Zombie Vikings,action,budget,mostly_positive,226,80.5,0.439,0.448,0.771,0.5418
MXGP - The Official Motocross Videogame,racing,budget,mostly_positive,830,78.0,0.405,0.483,0.77,0.5417
Vacation Simulator,simulation,mid_price,very_positive,124,87.9,0.4,0.475,0.784,0.5417
EvilMorph,action,budget,very_positive,90,85.6,0.439,0.448,0.771,0.5417
123 Slaughter Me Street 2,action,budget,mostly_positive,100,84.0,0.439,0.448,0.769,0.5412
Golden Hornet,free_to_play,free,very_positive,135,93.3,0.408,0.448,0.804,0.5408
Mashed,racing,budget,mostly_positive,287,78.7,0.405,0.484,0.766,0.5407
Shu,action,budget,mostly_positive,134,81.3,0.439,0.448,0.766,0.5404
Joe Danger,racing,budget,mostly_positive,79,83.5,0.405,0.485,0.764,0.5404
Apotheon Arena,free_to_play,free,mostly_positive,924,82.0,0.408,0.448,0.802,0.5403
DAMNOSAUR,free_to_play,free,very_positive,145,91.7,0.408,0.448,0.801,0.5401
War Robots VR: The Skirmish,free_to_play,free,mostly_positive,506,83.4,0.408,0.448,0.801,0.54
Livelock,action,budget,mostly_positive,394,77.9,0.439,0.448,0.764,0.5399
Gatling Gears,action,budget,mostly_positive,107,81.3,0.439,0.448,0.763,0.5394
Cyberdrome,free_to_play,free,very_positive,144,91.0,0.408,0.448,0.799,0.5393
Ultimate Racing 2D,racing,budget,very_positive,112,89.3,0.405,0.463,0.785,0.5393
Sweet Escape VR,action,budget,very_positive,50,86.0,0.439,0.448,0.762,0.539
Gemini: Heroes Reborn,action,budget,mostly_positive,368,77.4,0.439,0.448,0.761,0.5389
Radial-G : Racing Revolved,racing,budget,mostly_positive,139,79.1,0.405,0.484,0.76,0.5389
MY 1980's DASHBOARD,racing,budget,mostly_positive,50,84.0,0.405,0.485,0.759,0.5388
Prince of Persia: The Two Thrones™,action,budget,mostly_positive,474,77.0,0.439,0.448,0.76,0.5387
Ignition,racing,budget,very_positive,70,85.7,0.405,0.478,0.766,0.5387
Aim Lab,free_to_play,free,mostly_positive,1286,80.8,0.408,0.448,0.796,0.5385
V-Racer Hoverbike,simulation,mid_price,very_positive,80,88.8,0.4,0.474,0.775,0.5385
Of Guards And Thieves,action,free,very_positive,2856,85.2,0.355,0.461,0.841,0.5381
Wrench,simulation,mid_price,mostly_positive,151,82.8,0.4,0.474,0.773,0.5378
Lost Planet™: Extreme Condition,action,budget,mostly_positive,747,76.2,0.439,0.448,0.757,0.5376
Air Missions: HIND,simulation,mid_price,mostly_positive,361,79.2,0.4,0.475,0.771,0.5376
Crash Time 3,racing,budget,mostly_positive,292,78.1,0.405,0.478,0.763,0.5376
Tank Destroyer,action,budget,mostly_positive,249,79.1,0.375,0.503,0.766,0.5372
Delta Force: Black Hawk Down,action,free,very_positive,281,91.8,0.355,0.469,0.829,0.5371
Last Tale,action,budget,mostly_positive,249,76.7,0.439,0.448,0.755,0.5371
03.04,action,budget,mostly_positive,86,79.1,0.439,0.448,0.755,0.5371
Dissimilated Land,action,budget,mostly_positive,118,78.0,0.439,0.448,0.755,0.537
WW Fantasy,action,budget,mostly_positive,60,80.0,0.439,0.448,0.754,0.5368
Tunche: Arena,free_to_play,free,very_positive,173,86.7,0.408,0.448,0.79,0.5366
Table Top Racing: World Tour,racing,budget,mostly_positive,464,75.2,0.405,0.485,0.749,0.5361
Crash Wheels,racing,budget,mostly_positive,291,75.3,0.405,0.485,0.749,0.5359
Titanic VR,simulation,mid_price,mostly_positive,115,81.7,0.4,0.475,0.765,0.5359
Zombie Derby 2,racing,budget,mostly_positive,60,81.7,0.405,0.478,0.757,0.5359
Team Racing League,racing,budget,mostly_positive,89,76.4,0.405,0.484,0.749,0.5358
Davyria: Heroes of Eternity,action,budget,mostly_positive,51,78.4,0.439,0.448,0.751,0.5358
SYNTHETIK: Arena,free_to_play,free,mostly_positive,466,81.3,0.408,0.448,0.787,0.5357
GunGirl 2,action,free,very_positive,92,90.2,0.355,0.505,0.782,0.5354
Diesel Guns,racing,budget,mostly_positive,193,75.1,0.405,0.484,0.748,0.5352
Revenge of the Headless,action,budget,mostly_positive,52,76.9,0.439,0.448,0.749,0.5351
Elliot Quest,action,budget,mostly_positive,150,75.3,0.439,0.448,0.748,0.5349
Ancient Guardian,action,budget,mostly_positive,118,75.4,0.439,0.448,0.748,0.5348
Wings! Remastered Edition,simulation,mid_price,mostly_positive,329,77.5,0.4,0.475,0.761,0.5346
Deep Dark Fight,action,budget,mostly_positive,101,75.2,0.439,0.448,0.747,0.5346
Rebons,action,budget,mostly_positive,77,75.3,0.439,0.448,0.747,0.5346
Woof Blaster,action,free,very_positive,109,87.2,0.355,0.505,0.779,0.5345
Black Squad,free_to_play,free,mostly_positive,44776,75.3,0.419,0.46,0.752,0.5336
Pan Panda,free_to_play,free,mostly_positive,146,84.2,0.408,0.448,0.777,0.5328
Grand Theft Auto 2,action,free,very_positive,201,91.5,0.355,0.469,0.813,0.5325
Gauntlet of IRE,action,free,very_positive,66,89.4,0.355,0.505,0.772,0.5324
Formicide,free_to_play,free,mostly_positive,267,80.9,0.408,0.448,0.775,0.5323
Sopwith VR,free_to_play,free,very_positive,110,85.5,0.408,0.448,0.775,0.5321
Cave Digger,free_to_play,free,mostly_positive,164,82.3,0.408,0.448,0.773,0.5315
FROSTBITE: Deadly Climate,action,free,very_positive,257,86.8,0.355,0.475,0.802,0.5311
Mushroom Heroes,free_to_play,free,mostly_positive,133,82.7,0.408,0.448,0.77,0.5308
Casual Desktop Game,free_to_play,free,very_positive,54,90.7,0.408,0.448,0.77,0.5307
Delta Force — Black Hawk Down: Team Sabre,action,free,very_positive,184,90.8,0.355,0.469,0.807,0.5305
Tribes: Ascend,free_to_play,free,mostly_positive,8208,78.8,0.408,0.433,0.787,0.5304
Rebel Forces,free_to_play,free,mostly_positive,680,77.9,0.408,0.448,0.769,0.5304
Sound Shift,action,free,mostly_positive,106,82.1,0.355,0.505,0.765,0.5303
Half-Life: Source,fps,free,mostly_positive,4820,78.2,0.334,0.513,0.779,0.5301
Formula Truck 2013,racing,budget,mostly_positive,150,76.7,0.405,0.463,0.752,0.5294
MSI Electric City: Core Assault,free_to_play,free,very_positive,51,88.2,0.408,0.448,0.765,0.5293
Ctrl CV,free_to_play,free,mostly_positive,208,79.3,0.408,0.448,0.765,0.5292
Shark Simulator,action,free,mostly_positive,136,79.4,0.355,0.505,0.76,0.529
CrocoMars,free_to_play,free,mostly_positive,92,81.5,0.408,0.448,0.762,0.5282
Grand Theft Auto,action,free,very_positive,229,86.9,0.355,0.469,0.799,0.5281
Just A Dream,action,free,mostly_positive,56,82.1,0.355,0.505,0.757,0.528
Soccer Rage,sports,budget,very_positive,686,85.3,0.371,0.434,0.82,0.5278
Crash Force®,action,free,mostly_positive,119,78.2,0.355,0.505,0.755,0.5275
Turbo Tunnel,free_to_play,free,very_positive,108,87.0,0.408,0.431,0.778,0.5275
Time Drifter,free_to_play,free,mostly_positive,84,81.0,0.408,0.448,0.759,0.5275
Spellwake,free_to_play,free,mostly_positive,100,80.0,0.408,0.448,0.759,0.5274
Slay Together,free_to_play,free,mostly_positive,160,78.1,0.408,0.448,0.758,0.527
Marble Combat,free_to_play,free,mostly_positive,94,79.8,0.408,0.448,0.758,0.527
Trials on Tatooine,action,free,mostly_positive,1176,80.7,0.355,0.469,0.794,0.5268
TENET,action,free,mostly_positive,54,79.6,0.355,0.505,0.753,0.5267
Accel,free_to_play,free,mostly_positive,51,82.4,0.408,0.448,0.757,0.5267
Bloody Walls,free_to_play,free,mostly_positive,953,76.0,0.408,0.448,0.756,0.5266
Hotel Remorse,action,free,mostly_positive,103,76.7,0.355,0.505,0.751,0.5261
America's Army: Proving Grounds,free_to_play,free,mostly_positive,8315,77.1,0.408,0.433,0.77,0.5255
Mecha-Tokyo Rush,free_to_play,free,mostly_positive,65,78.5,0.408,0.448,0.752,0.5254
VRMultigames,action,free,mostly_positive,73,75.3,0.355,0.505,0.747,0.5249
Rogue Reaper,free_to_play,free,mostly_positive,286,75.5,0.408,0.448,0.75,0.5248
Xecryst Remains,free_to_play,free,mostly_positive,69,76.8,0.408,0.448,0.749,0.5246
Tokyo Warfare Turbo,free_to_play,free,mostly_positive,159,75.5,0.408,0.448,0.748,0.5243
Master Levels for Doom II,action,free,mostly_positive,379,81.8,0.355,0.469,0.786,0.5242
Kreedz Climbing,free_to_play,free,mostly_positive,728,77.5,0.408,0.431,0.766,0.5238
Fovos VR,free_to_play,free,mostly_positive,64,75.0,0.408,0.448,0.746,0.5235
Karate Master 2 Knock Down Blow,sports,budget,mostly_positive,468,84.2,0.371,0.434,0.804,0.523
SUPER FLAIL,action,free,very_positive,94,93.6,0.355,0.461,0.791,0.5229
In Your Face TD,strategy,free,very_positive,80,98.8,0.344,0.457,0.796,0.519
Cyberpong,sports,budget,very_positive,104,89.4,0.371,0.434,0.784,0.5168
Crypt- The Black Tower,action,free,mostly_positive,128,77.3,0.355,0.475,0.754,0.5167
Home - A VR Spacewalk,action,free,mostly_positive,152,77.0,0.355,0.475,0.753,0.5166
Skeet: VR Target Shooting,action,free,mostly_positive,134,79.1,0.355,0.464,0.759,0.5144
Iron Armada,strategy,free,very_positive,97,88.7,0.344,0.457,0.78,0.5141
Climbey,simulation,budget,very_positive,672,93.2,0.331,0.387,0.874,0.5132
Dream Car Builder,simulation,budget,very_positive,406,93.6,0.331,0.387,0.855,0.5075
VR SUPER SPORTS,sports,budget,mostly_positive,55,76.4,0.371,0.434,0.748,0.5062
Counter Fight,simulation,budget,mostly_positive,125,84.8,0.331,0.404,0.775,0.4897
ARMA: Cold War Assault,simulation,budget,mostly_positive,4137,77.2,0.331,0.404,0.77,0.4882
Cry of War / 战争号角,simulation,budget,very_positive,85,85.9,0.331,0.404,0.77,0.4881
Ultimate Booster Experience,simulation,budget,mostly_positive,257,79.4,0.331,0.404,0.768,0.4873
Katana X,simulation,budget,mostly_positive,74,82.4,0.331,0.404,0.761,0.4853
Star Trek™: Starfleet Academy,simulation,budget,mostly_positive,57,80.7,0.331,0.404,0.755,0.4836
Reload,simulation,budget,mostly_positive,72,77.8,0.331,0.404,0.751,0.4825
Echelon: Wind Warriors,simulation,budget,mostly_positive,54,77.8,0.331,0.404,0.75,0.4821
FPV Air 2,simulation,budget,mostly_positive,80,83.8,0.331,0.387,0.765,0.4804
Fuel Renegades,racing,free,mostly_positive,64,84.4,0.101,0.441,0.762,0.4185
